,s1,s2,s3,s4,s5,s6,s7,s8,s9,s10,s11,s12,s13,s14,s15,s16,s17,s18,s19,s20,s21,s22,s23,s24,s25,s26,s27,s28,s29,s30,s31,s32,s33,s34,s35,s36,s37,s38,s39,s40,s41,s42,s43,s44,s45,s46,s47,s48
generation1,1.0,2.0,3.0,2.0,3.0,2.0,3.514511695443416,3.83598856959479,2.020072664540314,2.186020558971294,2.9177072054022526,3.5407716928399293,3.612421103679771,3.6106017631370255,3.0045108513385816,3.614424253149603,3.619065222596247,3.0769938453791563,3.060476367288097,3.168104499229907,3.05966519130787,3.4047326599493966,3.34906522984398,3.4961242689013137,2.9699425934954036,3.7953835977516635,2.9558841386542096,2.955786011902136,3.784409774601941,3.7510388077722316,3.2231814329317023,3.027893365247824,3.512944304137171,2.7598894701613776,3.0824760037398247,2.815401570517754,2.8834855763910667,3.360428686220232,3.705098226692181,3.7629001840462526,3.598186127586394,2.8210337077866825,3.44084137891356,3.206298330179808,2.8324023671773872,3.085413470592706,3.6860915557559495,3.6222624825497904
generation2,0.0,1.0,3.0,0.0,2.0,0.0,3.1424528759591466,3.7792765487815037,2.087678682886825,2.136522467094743,2.9639183310073207,3.863195655179772,3.520046060178129,3.5869284479594565,3.002853308639374,3.675439293446976,3.058754992571254,2.937399754591057,3.318252147995836,3.0895798499271647,3.3188562897469254,3.423510585185774,3.049364421199128,3.0495066635581005,2.79984795949202,3.4012856902241486,2.925636253901885,2.9842424476813108,3.250579019136841,3.1598465915687455,3.221550872386387,3.175466353240708,3.138258756698903,2.9302147176826074,3.0694700968297237,3.014395225624191,2.998674313886338,2.9823306651931034,3.489612396874226,3.200886315238779,3.1802576390955064,2.5870306855642022,3.0654210497234233,3.1682085593269256,3.0124788125011284,2.9493083140769514,3.532049065347339,3.8447129949271703
generation3,4.0,4.0,4.0,0.0,4.0,4.0,3.9918656969355104,3.988148488896214,3.8911584502062175,3.522627827976621,3.9907117229976734,3.925579573047181,3.9688744717663442,3.9757145861634964,3.9368796941287503,3.9870513375599077,3.9976308213437464,3.994453913068766,3.9738699628643768,3.9945411807181874,3.961892910173035,3.98038562749692,3.991530718700072,3.99472341579743,3.988478021345319,3.9682481290617746,3.99039086202244,3.9724183219745974,3.9680740053826606,3.9682873169458057,3.987346404416704,3.980502854504794,3.9485980297046215,3.8711457356397316,3.951372305142126,3.969332638246649,3.988534687096563,3.9853117021236586,3.97020750180055,3.9907587821374317,3.9890096045607617,3.951360935246378,3.989117313634527,3.996707822072577,3.9581281751977215,3.9724988912568624,3.995083451119039,3.9955147492779757
generation4,2.0,1.0,4.0,3.0,2.0,1.0,3.996249538510659,3.9760138395366176,1.5368902604788022,1.993540557711165,2.0230083685000166,3.882681161952551,3.8987363435912887,3.97559906241218,2.887508365250964,3.9915423219729815,3.9943474848309943,3.981416658204048,3.3996310470822513,3.981187689962098,3.855971961191463,3.9747743514914005,3.9891228944207193,3.9905453836234814,2.66190735245629,3.9881000167854235,2.0080428273553923,2.243572599549151,3.9846496405976684,3.898402685459025,3.8838839433799226,3.915876744135084,3.155372867289523,2.3461505430909533,3.996780869194988,2.466495003663642,3.0433911672246117,3.988062818551288,3.7858440231969426,3.989248274215503,3.9970260789971297,3.3461294710368747,3.935996143572269,3.996748872519941,2.7131800907769392,3.0228451156749805,3.9923366123664885,3.9852136534132985
generation5,2.0,1.0,4.0,4.0,4.0,2.0,3.9898443093567306,3.983101620774658,2.0778073554388614,3.1036129810965614,3.378610408135972,3.948518388326958,3.992701686241171,3.9805450645714457,3.951593027937763,3.9928212797613907,3.9886123578749832,3.9963438576152956,3.9899449258848776,3.9923044738735345,3.9824418250119744,3.9687788898784366,3.9853990868915314,3.9929365314861607,3.9038555468251164,3.9833973820693,3.574310425915982,3.8885141457938013,3.9929958501322202,3.980327391637372,3.989479146842508,3.9799919572967735,3.8488059677247737,3.5758613249264695,3.98588531586641,3.5655963002583833,3.7429923379910286,3.9756699521075345,3.9769720752199187,3.9985778569673016,3.9985232711629686,3.920173649624159,3.967388074050948,3.9781417155112715,3.837991485344699,3.9419322581620273,3.9912483132098555,3.9864631535373003
generation6,2.0,1.0,3.0,3.0,4.0,2.0,3.5936516133447456,3.830687554166292,2.018589821036435,2.8216305064253437,2.7437108556019267,3.851426271521044,3.363647944261597,3.276165216724521,2.982839430830214,3.5743845489158925,3.1763970341976124,3.37442256772397,3.686236724163296,3.306227759436278,3.618418255153418,3.6877442615918876,3.4016171998516276,3.7164419532168362,3.0090376716528233,3.411826870856265,2.906351144175173,3.019111604959195,3.620120696125094,3.673148602047315,3.203832124992737,3.613037534997463,3.023757588911088,2.671989953853301,3.239228851817989,3.029689905781029,3.022234440275159,2.959432398198137,3.9349061220206623,3.8756082901576616,3.0948191412703747,2.8646859207942206,3.174359726430712,3.329872942687182,2.8803527424763997,3.2024613080540405,3.872628978950956,3.721087629753011
generation7,1.0,4.0,4.0,2.0,4.0,4.0,3.993449390782762,3.9944245590084964,3.6315362060800496,2.281817989597431,3.8770687552639256,3.992290312077883,3.992106682843459,3.993191156087148,3.873043991179558,3.991392712488884,3.994507310583933,3.964809761415581,3.991016209673489,3.99438966791817,3.993815287742116,3.9950280278264496,3.9836252239428416,3.9848866239670055,3.991397341237685,3.987390911970392,3.963516501908949,3.9875411798380322,3.9966602161355147,3.9883894380731255,3.9877015210611493,3.996434580957807,3.981943820105414,3.743508170398971,3.981482460545331,3.972177257396405,3.983895513035944,3.9764450563138602,3.9773963562945194,3.992926504176667,3.9955113106860707,3.911448276215059,3.9893155993194864,3.9924772671441553,3.9927738303301683,3.9883023381996314,3.9893407998608663,3.9927757769963823
generation8,4.0,0.0,4.0,1.0,3.0,3.0,3.9812914248231115,3.987118443007693,2.9915369810018855,2.681976141825423,3.3207349820765004,3.8866969055452825,3.96658667343421,3.9649510083949733,3.368242528928048,3.9912697615188164,3.9952911299807377,3.9869456342926095,3.972293643301117,3.9852303631424992,3.9599826597344183,3.9360995506572682,3.978619307877852,3.9907033895589628,3.4647547833312013,3.9837826134416723,3.6941581707473934,3.138361675845673,3.983964614940371,3.9839816558052275,3.9081373471234486,3.9469299487846765,3.921200448505223,3.1914554140029736,3.9712070865067353,3.4268876230578744,3.7814794325799617,3.937128805121891,3.9731527923759464,3.9919608877489456,3.9916533180618528,3.602447721310166,3.9576856587361426,3.9959066863478854,3.6079177018210045,3.854064140810886,3.987509942694706,3.9754490994424954
generation9,4.0,2.0,3.0,0.0,2.0,3.0,3.520350339759012,3.959822226733544,2.8792032862586643,2.5822084364542066,2.901184319923602,3.951253846616045,3.9548057360025015,3.8192826946591256,2.7881518325314576,3.7821885055427322,3.529941924105085,3.067409048332653,3.962824044244482,3.2546010347144145,3.8631854859505044,3.7950507563093736,3.4820755228621616,3.392525266600491,3.2249806733429436,3.480639452894855,3.4930245275998666,2.874658761718079,3.9090172652583903,3.957298232750278,3.5174645353985063,3.9417670944134766,3.9281894233330554,3.129977570784191,3.699857703140458,3.524839030789983,3.594705386205765,3.1273700714133414,3.94725972857026,3.8919239357629296,3.460900337786952,3.210469132273532,3.3505978757095707,3.215109758787502,3.40618521748583,3.698306543140581,3.8009608562881967,3.9455867899176904
generation10,0.0,0.0,4.0,2.0,0.0,2.0,3.9121888445185937,3.905504505124252,1.91627505851925,1.507191834377773,2.4529382628142447,3.873594486463265,3.929856563369409,3.811165872685011,2.677048976204349,3.984844298458991,3.976389112905245,3.8828249808435187,3.70432348024114,3.940774381740759,3.789343903781068,3.7240719080388285,3.9614108584710506,3.980837315954422,2.4303370742159207,3.98896902487125,2.6213503007700245,1.4767198229770573,3.9846336508712614,3.7001952648450467,3.831399068428868,3.8385895654652797,3.1804652082429183,1.7643885969236484,3.946502892199121,1.523151027072228,3.571480813619873,3.9537275017696882,3.7405900979333824,3.972386900179062,3.9944126521181795,2.6468709369407177,3.649441849626987,3.9945350670815425,2.4961186880710033,3.362655301758729,3.9673145428624683,3.9815196554323298
generation11,0.0,1.0,4.0,4.0,4.0,2.0,3.9926199578527974,3.9870927797418236,1.881093832940304,2.534086309323458,3.897611967480034,3.952563182503356,3.9717669306244736,3.987463292298581,3.9779545937950345,3.985292734480384,3.9938053377485287,3.9800434573946566,3.9342542086451955,3.988167304696896,3.981391226781049,3.9878914421986553,3.995803856988972,3.980470146458377,3.889709871946434,3.9935784624301354,3.875377030138812,3.893858821159388,3.979444105968548,3.9880314851658225,3.97104669696947,3.977365583112351,3.914060108160032,3.7326706004474506,3.9750900632267463,3.924512927668729,3.9050397060629694,3.9965483906881407,3.98173560612957,3.9788574851304195,3.984510485907791,3.9825292816485827,3.962707411492814,3.995088345803256,3.8842752237774096,3.9329711879694336,3.9782225564299716,3.9426240925360445
generation12,1.0,1.0,3.0,1.0,4.0,2.0,3.3599677554601883,3.6882451283377033,1.8732756533581785,2.040856724168695,2.214335544645391,3.5400537465795017,3.716805486440928,3.1481722608916636,2.668794952571347,3.1538235661013263,3.749982055548512,3.0838205914450323,3.527784292579401,3.0795645652207804,3.2249969358143775,3.791431951146665,3.377783401626234,3.510071252427056,3.6033654634729704,3.3994968718382177,2.4217539881043697,3.4115407613574513,3.287012271177947,3.5216199373884036,2.932474382285251,3.401845963031787,3.403528486070493,2.520716774235702,3.109368822301746,3.1818874424157193,3.392118147300221,2.962351094097632,3.879617159957518,3.6416715719801975,3.1027404802505454,3.7509590555087127,3.4033185788556315,3.164541832005347,3.181708899452934,3.6871314293516506,3.456624506467196,3.361487546112203
generation13,4.0,0.0,2.0,0.0,1.0,1.0,1.6473545342461997,3.9685375790024082,0.8641060782441812,1.35211618698469,3.236858098659752,3.7210184667439976,3.7738148443807558,3.887310123804236,0.010965558406900791,3.2353159901437594,3.6444860232748604,2.2485154285470976,3.8630304101620507,2.189122095270992,3.784837098536401,3.5119783819155397,0.01633053393091097,1.7686889518649205,3.912926187329082,0.13756404951119514,3.8411415439109113,0.5039067330451542,3.3977160449090307,3.8357890511308965,1.6660041372583183,3.9118075204431166,3.6752966439630077,2.1908142794234235,3.715226524127157,3.846891600531764,3.7558012672783416,1.498704350601229,3.7641896080163746,3.960055941747371,3.220128432064004,0.0024841169857067903,2.8810711273583864,2.101182777628536,3.755588981017424,3.799437074641576,0.19332721710691,3.7899128318147683
generation14,3.0,2.0,3.0,1.0,1.0,3.0,3.60924739172534,3.6321169518157093,2.9201792444049497,2.710268676279204,2.9575248277307424,3.5679544351964534,3.240344989603012,3.2387806640292425,2.993450041877295,3.3856760808665554,3.733883384700006,3.1884629324837745,3.2649460831051624,3.042555992104354,3.3113972847127187,3.2966104884637226,3.4964110187574997,3.387699006685902,2.999072825553542,3.567729651361235,3.0619030146053867,2.913346269402221,3.5932922613072327,3.5458968878408954,3.0214986931931267,3.2624552912610225,3.1872550834140725,2.9640393471149302,3.212695875641743,3.033578794746818,3.0604659225195725,3.173686257047859,3.8251276868560606,3.778379149152,3.301813360349452,3.0207824589826515,3.1985935693355336,3.2850230325769205,3.0027494030822908,3.1762430314987036,3.230576212793044,3.469213466919404
generation15,4.0,0.0,3.0,0.0,1.0,3.0,3.440027916311217,3.9531683669311795,2.8943395101926037,1.4507446964084176,3.553635137668962,3.8139431859626867,3.6277137199878626,3.8387164072581896,0.6975893585368114,3.8483617182388907,3.7198669904612682,3.080222928527944,3.884561165986395,3.2376251977211483,3.8653020034001098,3.737416789055451,3.1202520067639936,3.3944530464794145,3.018480499437651,3.3388507340888696,3.6095798931772825,2.0166439282602147,3.928959534934947,3.9419452892743716,3.7472202811714377,3.5631291256167925,3.4666182288011953,2.7858333127109622,3.8556083363523763,3.6213662749627944,3.691759652854432,3.122586186370901,3.5417616786656114,3.9801385338164184,3.0403214227572772,2.9898932830696356,3.6689714515021694,3.311616906310623,3.207579990386263,3.6833354425737643,3.945409527049677,3.9872308403861383
generation16,0.0,0.0,4.0,4.0,4.0,4.0,3.997185681634213,3.995634962226482,3.8752385489248797,3.474375275915143,3.9390982308454037,3.9852688006550463,3.986324754279842,3.9943326324379744,3.9896247535758365,3.992386322845554,3.9901692861094116,3.9900798333066283,3.991230616678424,3.9967040167563637,3.955851550992476,3.943410269329124,3.975566303852831,3.990041109799962,3.982023684210795,3.941507374167081,3.973010362820893,3.9517526526150415,3.9832538691031867,3.9145279052631006,3.969662927210329,3.9402171402098007,3.907512068737359,3.9355095001707543,3.9933908570598575,3.9863427719268394,3.9797147662509897,3.983019753388382,3.9822384819642287,3.9819684888838327,3.9902582340280386,3.8950099351058536,3.99341275112717,3.99291680424764,3.9901721167306623,3.892712282452063,3.9972626911074594,3.9954801814557306
generation17,2.0,1.0,2.0,0.0,0.0,2.0,2.225058995421713,3.4453243830808904,1.9835083935652573,1.9745367957339166,2.1254646315346903,3.27546573045078,3.066889847453858,1.8847326366878185,2.0154416264917887,2.0949627433198676,2.02173849714674,2.0533694879554156,2.025004019871939,2.1344082470597114,3.148814310784738,2.9184439006205434,2.0786850054908697,2.054448199120162,3.441475677039971,2.38067258128951,3.391392336361274,2.228239028745977,2.168164879629884,2.4254078177654566,2.1376173169460917,2.153371847101587,2.672058810738075,2.178604333008408,2.04404585565917,3.7459878292283286,2.0855757336483665,1.9343680430565433,3.3145314993702413,2.2338905147788806,1.9944040584357934,2.126839625030328,2.549667820165069,1.9927533160016568,3.50302738566443,2.7458451288960117,1.938648167091591,2.9688387756879906
generation18,1.0,1.0,4.0,2.0,4.0,4.0,3.9758256218620285,3.9135310364549936,3.870913991145768,3.5914932080246604,3.8317891256556815,3.8595137192281785,3.933881512061912,3.881566427154328,3.9057652106313143,3.972608815047643,3.9950166289195637,3.9903023709843484,3.937413689022281,3.9799515004765627,3.96514827551722,3.945632745014553,3.986361225113939,3.994117582374556,3.874121859165897,3.97749206304101,3.9039127724609908,3.6733819021489222,3.9874429891413796,3.97286625330993,3.8904904705547043,3.9256868689154536,3.8652718309600234,3.8314243060955984,3.9764468593673823,3.909033442001294,3.875741363149558,3.9917325295497905,3.934718074729448,3.9807324564182345,3.9918075279926524,3.8204695014081422,3.9363440421162625,3.9919183771129227,3.9142117011437945,3.931623768616461,3.9750071650208314,3.958128239405391
generation19,3.0,0.0,4.0,0.0,2.0,4.0,3.9638798339646453,3.9500305637727604,3.5346213062727103,2.6518929796085406,3.679143745247753,3.8743584038496746,3.6650150177197127,3.954377561112437,3.390217076333147,3.9936907665563717,3.9462141660087817,3.960507457948562,3.5693567456918207,3.975997040682482,3.7505758305807224,3.613971197350554,3.920820107096379,3.9848198178974013,3.0776315301001045,3.9937778359787592,3.742339922390996,2.5205882740634085,3.985371288722087,3.949802783940971,3.888174475414025,3.920753331031672,3.771248315571863,3.1500846891274272,3.9816943702060867,3.7854247118292124,3.787204728430442,3.985331036265507,3.694134299446749,3.9926179038692062,3.9797574145480312,2.991369138984286,3.844423949546,3.996064537212929,3.853001243545748,3.5970237705415307,3.988545228154947,3.973576088981231
generation20,2.0,0.0,2.0,0.0,2.0,0.0,3.674136588272923,3.7828274692450075,1.5919062992689343,1.7449334994381642,1.6400862744477365,3.350918734504675,3.7325217342405423,3.2692276794674666,1.9700010720550203,3.1990393585733434,1.9628010440711372,2.2411346925232203,3.7525982732053644,2.1472495284521425,3.521564187763602,2.7785609973792496,2.4439977453811816,2.231605293975945,2.3356953079548726,2.443469802176257,1.4964562734634645,1.3421978442575466,3.4264295193036314,3.84096508082169,2.2858161847142977,2.9322498653768307,2.026573987605025,2.025441103757156,3.0654432793511166,2.1175591849812623,2.2951992260470266,2.355624938720747,2.9576484821160833,3.5445254247879867,3.262593147572141,1.9581727730783653,3.019221961356272,1.9288418515821932,2.208718330943993,1.563889592980058,2.7860552113455563,3.786853682172252
generation21,4.0,2.0,3.0,0.0,2.0,3.0,3.166251346421807,3.9027975722141948,2.9625259541479476,2.613791919143029,2.9182229563002795,3.7821640898151174,3.5373526573008736,3.0568969095673255,2.534748516760514,3.245019308216283,2.983063284773442,3.0042254238506847,3.928597771829958,3.015511599220683,3.4655751067706055,3.608527705560952,2.988784818543762,2.9752250776013773,2.7519824239813384,2.9505432737969755,2.9312073537483596,1.535755359878546,3.2885927331997626,3.684429951479936,3.0401973310877364,3.1297446634303823,3.035825082913098,2.952512798513338,3.015280436665361,3.0009655438925487,3.17854394718836,2.986858857061466,3.8557043744297017,3.109983389771907,2.9682235186719272,3.2020634772971817,3.0149030251510505,2.9730575309503906,2.95768022495349,3.2747799082936453,3.176303188751466,3.6751815891120523
generation22,4.0,0.0,4.0,3.0,4.0,3.0,3.956596925639616,3.9652535389839043,3.0272322940224066,3.1931343461030033,3.8207577910929427,3.885869579727638,3.942083091228865,3.9422263862099762,3.892053277452019,3.9220177492474293,3.9670221898431985,3.9253395731534866,3.9716420586793393,3.9771747172105893,3.9666791237041887,3.973920537737763,3.9346984138737264,3.8824804439159304,3.966541268212558,3.9556470091458835,3.95085167715625,3.9332561441746314,3.9820176897687056,3.949987192740183,3.9521524702634747,3.9640354020018997,3.889622835173244,3.3454619031110457,3.954360009830661,3.9157433039468135,3.8991935849697383,3.965557906837054,3.974798316905402,3.9799257950999274,3.965966317010108,3.958937411293977,3.9138718911565125,3.9772443538790125,3.8942220571249266,3.8836751026848657,3.9622858098409357,3.9570903734285188
generation23,4.0,4.0,4.0,1.0,4.0,4.0,3.970185409892378,3.9926264524567303,3.985742440814917,3.6693577844554293,3.842610282932538,3.9582820046005875,3.9853011199861545,3.978223149761305,3.936085556673498,3.965883302612917,3.9888479293662416,3.9859667893641038,3.9898096949901727,3.9905340942259944,3.993115700252872,3.9799641514693307,3.975227041656376,3.9742453959880106,3.967115066597503,3.958890288426561,3.9829772444260882,3.924746527099035,3.9856656495178675,3.986291159807097,3.934683903871984,3.9952233628718177,3.606879973730327,3.9823088475506623,3.9793693047841554,3.941778806251357,3.985733706702755,3.970496851553307,3.9832556076325245,3.9918516403594038,3.989691163557874,3.5388539431766812,3.944152614046191,3.9912441177092797,3.9788328821251095,3.984770428505212,3.9682225619682985,3.9705826705991494
generation24,1.0,1.0,2.0,0.0,2.0,1.0,2.8216534224254013,3.864586897485516,1.126263362506262,1.9215044811164352,1.948176852560436,3.3648009678457558,2.3907108855772012,2.803890882029498,2.0390408303684007,3.3061971702596438,2.7240720042531765,2.6968116287359445,2.3379302723248334,2.4312892615837844,2.893888155357647,3.072485347736643,2.6772707868760133,2.769248485593394,2.7832103115365405,3.3906262451861098,2.1407374219864397,1.948454082939051,3.6202327202395352,2.9654942912725977,2.3405832009456695,3.1282498509389525,3.03871328418412,1.9381838522802852,2.6408043456387005,2.2457869086591504,2.822267188486446,2.5571990978816936,2.826499746380782,3.067249945961214,3.237528711927707,2.4352193947648226,2.8275995778275163,2.6436517432184776,2.2428895702157368,3.0095754987898675,2.6406253245057134,3.5753802568330344
generation25,2.0,2.0,3.0,1.0,2.0,3.0,2.9775743025159396,3.181878208625543,2.9848221525734426,2.2127064725139727,2.9640044999299064,3.133569394001823,2.961127589039776,2.8911924985417943,1.844719109092742,2.995627912194462,3.004678393990673,2.990295869057875,3.4291767066509125,3.001616374182161,2.644832901597217,2.9423237039868297,2.9857044930621743,2.9864961189547126,2.8602900771860447,2.992331536253801,2.881045437503165,1.994598556487521,3.048633133663771,3.042572743504876,2.746636013750251,2.9732837888196513,3.0258003557841664,2.7885958278916254,2.9824913613031176,2.7553100783900666,3.0063965306915024,2.9722949773896543,3.167785394377607,3.0309009530066415,3.016056614395473,2.2540261186185573,2.856631133398162,3.005635298818378,2.867309174306233,2.9388587514869915,3.00601360772784,3.0675523864807284
generation26,1.0,0.0,3.0,4.0,4.0,3.0,3.3145992255566994,3.9068493005327687,3.0022010499936114,2.9396162596626523,2.8842466295229228,3.891894377036992,3.8207546117564988,3.608738001988501,3.2682352928207914,3.616589840843778,3.034619487081274,3.1853884967196064,3.606727055984216,3.4071920905585786,3.6588103257303213,3.711769331318895,3.2216608850440576,3.6171397777287124,3.624778964652914,3.661927129594557,3.3597075322679326,3.439612143480568,3.866735007623465,3.843956859660749,3.630699970912634,3.547530093562203,3.845522715318353,3.1862534513246747,3.0649454717549003,3.7965715590806406,3.2840766084317172,3.063982933191546,3.9023451000190676,3.8273658973112723,3.060915636333923,3.867839023664135,3.5521562154542554,3.0502352175410783,3.523264617037001,3.6140591695958992,3.621581950564963,3.8953140712985896
generation27,1.0,1.0,2.0,1.0,4.0,4.0,3.1615555742812638,3.6409889437118546,1.6964959313850874,1.2160388429318647,2.169599797807248,3.937494552410456,3.622850444954296,3.4342713476259137,1.9333285176552093,2.6144620362779225,3.51205062659734,2.915244391768673,1.4033353152387458,2.104389941262812,3.5700205745274625,3.947387576326469,2.4717699604755037,3.5556015736597106,3.5784843544127334,3.7351341145501245,3.365628113789126,2.515455552063165,3.855330110774824,3.8118146505198665,3.0253062451550345,3.1383514867914886,3.88249238775358,1.3459851791770816,2.35310521846005,3.4422754509429665,3.763343582298762,2.0495494643266543,3.6662732673913068,3.8853349230131298,2.0965276090169116,2.0507179787413263,3.904690268352709,2.078122264980721,2.235307208508456,3.8785330455003337,3.142275217189686,3.8305700215217535
generation28,3.0,0.0,4.0,1.0,3.0,4.0,3.9971661215245553,3.994871588313721,3.610114371999543,3.012664795016681,3.9526683360630472,3.950476599218486,3.986809897785841,3.992502333467911,3.2413909613325855,3.99276027359509,3.997218842226675,3.9944052649967876,3.953589456615222,3.9956760983634303,3.9294802468976244,3.965320762049635,3.993253518249911,3.996672759790239,3.0915035870309677,3.9897323802610054,3.9659829248734573,3.1971196971398865,3.9972873058415983,3.9803795782431193,3.891830469804318,3.9358630956047165,3.9660978035949976,3.7105263981505443,3.993387714648022,3.9365816280771253,3.8097150276033602,3.996041985445107,3.978557019172292,3.992899135471643,3.9875326478371367,3.3220936964884356,3.916216444182341,3.9961410695116526,3.9295426193174534,3.912267057410416,3.9845363628911716,3.9894621240217765
generation29,4.0,4.0,4.0,0.0,3.0,3.0,3.9934081370862726,3.9920316021494027,3.0646461666488234,3.826099229861066,3.9239937186963525,3.9564097922163843,3.9937362379540695,3.978382642029341,3.8943026684658375,3.995736015861235,3.9898270641295137,3.9900570442730467,3.9726556763258047,3.9942306524753137,3.9805924241987136,3.988972384498975,3.9765989600907123,3.9853745998509056,3.9524259490394487,3.989178674556536,3.978334854050237,3.9535499151710276,3.995886744186451,3.9939002714379046,3.99008537122824,3.9937844058984666,3.939662839871356,3.917247925184482,3.993773695046706,3.977434235354577,3.9954409612554747,3.9922732991941534,3.9936848089538497,3.9961297891502334,3.9938304848333708,3.9651987793992767,3.983927358356013,3.998372296887495,3.961341352525856,3.9850854716210202,3.9864274097318213,3.9774538674353908
generation30,0.0,1.0,4.0,0.0,3.0,3.0,3.975147895913255,3.991208704169786,2.7280025519265068,2.2289308703226145,3.7498862622782063,3.945326751355063,3.8553943496211245,3.964190377459394,1.0937328433737925,3.9942413114611957,3.9904056382782445,3.9039423984410635,3.95788925371943,3.9695514721488685,3.9393914121026743,3.924370165129693,3.9394904305773304,3.9844153204166197,3.6777613913011757,3.978356929440606,3.812276529253914,3.622510052352564,3.9792477242024784,3.9693460854517846,3.9028587286991883,3.942764586338134,3.822877546612359,3.8564658859554504,3.9920672780583693,3.9171132350606164,3.942848455139071,3.952197595070804,3.9227910518931797,3.958824297510765,3.9874506042896254,3.8660490552364215,3.952366985119788,3.9927592813360597,3.977606030847255,3.874877923026687,3.9809895369996187,3.9842858932725784
generation31,2.0,3.0,2.0,2.0,2.0,3.0,3.2830839389352455,3.3489023611003947,2.742880096956942,1.9943731628525854,2.7066517118341284,2.9815526599345112,3.0505238185575045,2.7565954699816793,2.0191714683751307,2.6771293320586205,2.410541486871204,2.4103756759343713,2.4505875055455983,2.0786125996218643,2.765782874930831,3.004030147330281,2.4689765743052265,2.519493359853374,2.6364246433269845,2.4663008075505943,2.1681140742260188,2.144894321162067,2.996649670457291,2.796650735548606,2.5164578949995686,2.7479408754573136,2.949450373540782,2.3677683690475155,2.8332591668199463,2.8678706514854895,2.965326442322647,2.1752068024001066,2.968307839242658,2.7534046595331962,2.3237315325447887,2.5422689354076793,2.9036522736506356,2.4958325026193435,2.779126948332702,2.3924478994161755,2.995151277951522,3.3129825894056544
generation32,3.0,0.0,4.0,1.0,4.0,3.0,3.945948675166094,3.987223000106403,2.85123819334232,1.5940315360950232,3.4063381523794534,3.9594130329476527,3.9070854165003035,3.9653791834837566,3.476044098898449,3.9739938739430696,3.9902962301200042,3.9677372137789986,3.8547932542652035,3.945015309168055,3.9322821478948145,3.535867246437519,3.980749431570165,3.96344190280623,3.9096077353207574,3.972184070742307,3.7642147792724483,3.8343396299819625,3.9586880128566495,3.9933859759487427,3.802880757261338,3.9269704307390096,3.8170957388232605,2.7623072956595087,3.9635052232008774,3.626436530609855,3.7658672493068,3.955574666293948,3.67632480587093,3.906063525598629,3.986677838474791,3.4918009982989293,3.8900481645752985,3.9822634899146965,3.667757853231181,3.8686579951555835,3.910576505680589,3.985794260060113
generation33,3.0,3.0,4.0,0.0,4.0,4.0,3.9674316919782755,3.9556383180173063,3.9448916127942657,3.718540690162878,3.917411005709491,3.9376593996209266,3.9247205041446374,3.951637654691332,3.7676198693861775,3.9803499385181356,3.991216570868991,3.9866112628420196,3.9825838642260427,3.9782962455617614,3.959807653541663,3.965926218421177,3.9591135464944527,3.9960317645641656,3.901421438113631,3.977613051119244,3.960807629150903,3.8734391142557967,3.986307469220565,3.943856216434257,3.948005194394149,3.9718424533362047,3.96901820532573,3.9378346985558714,3.985780900341284,3.9626223751416485,3.9505858269491627,3.992745080462091,3.9883619204452505,3.966488644593541,3.9657178379023836,3.729383300677335,3.9325619374016334,3.986416831339482,3.9816904912268454,3.924982457238508,3.97482612057479,3.953829227168159
generation34,2.0,2.0,1.0,3.0,2.0,1.0,3.5262494493331533,3.820395941777867,2.0127192418129294,2.21431948205403,2.345546067950011,2.7561822552987074,3.3605123121292872,3.4391605613269887,2.882908290119724,3.4506336485178144,3.318612068112252,3.0002707569527147,2.812586588720828,3.0802237313766376,3.0944088467924034,3.346955213203701,2.9959004250671235,3.181827134354909,2.649878333500941,3.271514490075197,2.7250956762025917,2.2893385732167877,3.5089363967784832,3.279802156173189,2.9863891705598173,3.1119389564203748,3.0951825937827935,2.6409560859286443,3.2292519742952757,2.2796824297561917,2.9390140763731023,2.890492389996103,3.803614302910109,3.056549622586592,3.2406761530085144,3.025007723270954,3.06979026311617,2.985313264973353,2.707490200477569,2.8819592344978964,3.0848644385872026,3.4406518466456246
generation35,3.0,0.0,2.0,0.0,1.0,4.0,3.4003659147439964,3.8742117566358436,2.700523055929929,1.8605968613599961,3.6458833014011094,3.8992695181434405,3.6072871509647135,3.7316386616152406,0.05117050450653985,3.8813889136122612,3.5505365810718934,3.0656467687647453,3.7560013305347058,2.655266132745985,3.7234491068698583,3.7937227537772773,2.98273482169951,3.5303977670062947,3.7808068259955405,3.2800044373867614,3.9033840471684953,2.8385146841609328,3.4474535661492265,3.765584867777923,3.247551241530397,3.6357554482127687,3.609115406147628,3.3341045013343114,3.534668135249146,3.8523226836746725,3.2528068769025333,2.3435946386118687,3.789762493774943,3.693906466868546,2.4014334495903737,2.4679356207331757,3.6762826969817577,2.2774838631608234,3.838721439313644,3.471204955580961,3.298439051069572,3.8311524056679125
generation36,3.0,3.0,3.0,1.0,4.0,3.0,3.3433724564757976,3.888490462502224,3.0165665963386097,2.9808924400389665,2.9396724132288377,3.833906256477868,3.834191075847072,3.3525547049691498,3.0360783232565556,3.3556434669673276,3.096074873123069,3.0451198733538596,3.6395978721730393,3.092919496691151,3.591430791634322,3.645093135029433,3.0203414810458242,3.172741385706306,3.425355758730986,3.30162185164345,3.118555601959563,3.2151266538119048,3.3885542614941553,3.912374614521789,3.201577472824739,3.391288230093242,3.3571625182540634,2.994656275112042,3.293094749671286,3.1471782835569995,3.0217695679702086,3.0674832886261085,3.776716836998866,3.488088267309117,3.0392967524352006,2.990415266537028,3.474053028360811,3.0246788158093993,3.1751632695232317,3.4507409920466934,3.675574160441539,3.5448873270755836
generation37,1.0,2.0,4.0,3.0,3.0,1.0,3.9864459058569097,3.976254307628094,1.690831016571846,2.356649446870494,2.9305636369771926,3.9513550246149594,3.87923035708359,3.9690490922698727,3.148349564064775,3.9776311493111427,3.9972590348671786,3.935205888179059,3.9198191079478395,3.978909480439227,3.933056475935037,3.97989834020138,3.9926810477378676,3.978509255060403,3.0239445195239836,3.98847747111232,3.1286128649636353,3.020682237029317,3.9941695636019796,3.9498006313401053,3.560825975605384,3.9509976939100664,3.783291122619491,2.8093190398255965,3.9942473800351785,3.094988762000734,3.3124885417920265,3.9608235359766186,3.9605677047499035,3.9916853109330006,3.9946775848913307,3.891464883577451,3.6981398502892837,3.9933044153319135,3.1573750484080865,3.866703129616473,3.986216687345088,3.97741361844892
generation38,2.0,3.0,3.0,0.0,3.0,4.0,3.2024211377622165,3.7658161402688206,2.9868083622023645,2.8838769488189517,3.086286027884137,3.7609631077680667,3.4608939513703505,3.3190324843809944,2.9584319036268796,3.5770642716177443,3.2961598243140866,3.0942317142874867,3.410162920409409,3.220901275184126,3.4351095051621856,3.254531829641929,3.065052488584832,3.2204936909104274,3.090404638616466,3.098173603799142,3.791947513070446,3.0450421333037685,3.533584848705915,3.890733050949435,3.1146819503510654,3.8034398823978735,3.729796458233129,3.5515924378092434,3.5311748842675006,3.4140859268788577,3.3598767438975337,3.115238697488802,3.44897610496618,3.543494223581419,3.0731449690781223,2.9502365754709676,3.4955702320966697,3.0466908797674686,3.5344362073884366,3.8536685621449354,3.6451166923747125,3.4620480289170823
generation39,1.0,1.0,3.0,2.0,3.0,1.0,3.0548612819832766,3.8105220730288987,0.9635786897501496,1.11657738761659,2.467688348680351,3.4402251729089084,3.8618947063251294,3.430513196437217,2.9739259241829368,3.157205839198398,3.0672988958920393,3.057882246825686,2.971130727061584,3.1225403975045247,3.2110210106223147,3.74288128935382,3.2649718562980237,3.114417817285453,2.939243763658998,3.5826522027546566,2.822769068168225,2.9214158692608523,3.2514955933165086,3.55431456708134,3.080551948833839,3.2661282843709545,3.285808360128519,1.3721588688457313,3.0805726184580475,2.300096651104593,3.0102129016189463,3.169026106613724,3.4119523284991757,3.7720286670444736,3.1261501179974456,2.997899893722864,3.1313047452624514,3.033282983493438,2.538047644071489,3.406386200385281,3.1599318548318553,3.8311485049404492
generation40,2.0,0.0,3.0,0.0,4.0,4.0,3.2068814671710077,3.6892235491331715,2.5950835081570727,1.7603951668337874,3.2624532880907235,3.6729302646676607,3.674816680098391,3.1507973935664397,1.81070656946064,3.3123844248635788,3.0721623422807065,3.0681661309771973,3.238846638601838,3.1018101609967768,3.2307265741422957,3.352803968808451,2.994017415842417,3.235411399095283,3.7919471328931857,3.4038859160577464,3.743510617850637,3.188044543996953,3.276471609952963,3.822305451355258,3.3607863170076757,3.4926345029965074,3.324586747650534,2.9095064881217354,3.0562425996424376,3.7321334929213794,3.0122170367964083,3.0299851295126885,3.8577994396400075,3.8370266539162854,3.034626666548998,2.3125687544440807,3.360291110342561,3.0154784481146,3.733610282594197,3.3401802901246467,3.238142424795535,3.5483077353850865
generation41,4.0,3.0,3.0,2.0,3.0,4.0,3.39924934932955,3.9910568625245246,3.9821964435101727,2.3255778075382034,3.934482554704234,3.9907623615307943,3.916844937008094,3.978928464495022,2.5267938733523865,3.858324771140539,3.587208042532551,3.258215808414491,3.976084642510152,3.7660070723663774,3.9174705904783,3.9850084640949652,3.0821083654393506,3.3394480099590163,3.050728796315952,3.7604180741743107,3.976839556087792,2.998576863626045,3.9420653073815815,3.9883916881835746,3.3334648664679523,3.9202866112002535,3.991277613061371,3.593485005247476,3.2254502377181997,3.9400882816534915,3.9889110526738025,3.1004257270155136,3.970750506891955,3.9943493688768483,3.1906864060387763,3.8370227305843776,3.788967019755615,3.1632619552599395,3.8237911736617187,3.91313902326925,3.9788324315148467,3.9950511240426767
generation42,1.0,1.0,0.0,3.0,2.0,2.0,3.137229581021599,3.5435657264254807,2.0499666415872864,2.737482310231922,2.415618058368551,3.309689984255451,3.308923435810372,3.315596837186406,3.1964032604783137,3.5008866009251074,2.9367152150217475,3.042029403447832,2.8126677350564115,2.974391720992039,3.1991953216626063,3.672057430882978,3.07904740207819,3.118362883000655,3.0002555717228088,3.566653771747356,2.685779359975406,2.69591257678393,3.350273111989621,3.3936619085925606,3.066057448405253,3.221937897384061,2.969056477198658,2.789516946346682,3.0694687239089995,2.920642566815687,2.8071125071906597,2.9907307348216636,3.8796415110527973,3.105543603736675,2.5038894589607494,3.0406421059327573,3.143652766533009,2.8839205181980807,2.8891348240941923,3.049129356440481,3.0275456216480148,3.5998252787119887
generation43,4.0,2.0,4.0,0.0,3.0,3.0,3.996644267278797,3.972413921828426,2.8835945926065394,2.1491582632391326,3.1252754400505194,3.293256311591342,3.8813436419631486,3.9831428593494014,2.677100163636598,3.942970454329803,3.9954428705020617,3.980229544437539,3.908094887420931,3.982505800001832,3.867745657998421,3.9545001800297843,3.983196700947147,3.9939450063175728,3.3071682557947417,3.9636764617643703,3.6798529593697564,2.919419258129319,3.985288856345363,3.9538855139807327,3.908785366524267,3.7407686336210713,3.7934698915488743,2.98210486260798,3.972863054179971,3.812952433221409,3.9225482738444155,3.9578239542054985,3.8931172556791847,3.9907272444488,3.9920513121535155,3.1288191659874536,3.94105332322994,3.9921364384749736,3.27252895417442,3.639917617805845,3.9850193226403343,3.9481765779059126
generation44,4.0,3.0,2.0,2.0,2.0,1.0,3.1974240270519014,3.8982772743975906,2.4325385411247074,2.2067346997503376,2.920160661430358,3.9175342582308805,3.63004794618589,3.4386843279926738,2.3176457341406147,3.483249797373036,3.306882775884842,3.039972913717205,3.7366503834060167,3.068251313135096,3.3304348209414356,3.81840861007248,3.0046416063114965,3.028406173609909,3.255717933322344,3.153835176151622,3.018644972488863,2.769014312313622,3.7291756306165516,3.780028208422978,3.0114756126419366,3.5308644930724795,3.415652100965696,2.874368268377675,3.268988507377064,3.080492626168463,3.2585963047848123,2.8456251417469227,3.9289348508489024,3.30502212934117,3.1980174415788496,2.949147022708355,3.1904564937344033,2.98443111628664,3.0376846154683363,3.5803406370947157,3.4420589287801415,3.8533599648605596
generation45,4.0,4.0,4.0,0.0,4.0,4.0,3.988814213258307,3.9898243472225827,3.988464190475498,3.6447680273004006,3.9642097057542225,3.9914462356537115,3.987310348507793,3.9890828750499896,3.7162556417797163,3.9875980286416395,3.9943056751975803,3.9949540926592557,3.9910829387673066,3.9931452773347464,3.9911024312652827,3.9937994128592518,3.986939280426028,3.967069102245586,3.967204111280901,3.9856200401392643,3.9903135133443017,3.970099746645161,3.9897827043332295,3.9900244117745647,3.96962431278351,3.992897798101809,3.9840371249727013,3.9828759528013795,3.994334970100071,3.9636102305034884,3.9851671121039898,3.988746899403842,3.991938150589479,3.993519425018728,3.9924182942151583,3.7622051220804043,3.9916181719237644,3.9963684415368648,3.995011143837843,3.987628441402208,3.995542174057323,3.9934590376755317
generation46,2.0,1.0,3.0,3.0,1.0,2.0,3.0040293609978534,3.350776104472416,1.9516157780998025,1.8564368535669769,2.375994505105959,3.1808679243789255,3.090774221867969,2.8804734170004047,2.4372874283910115,3.1293034886894846,2.976808541057629,2.976601955249282,2.2896632924188274,2.991701044991645,2.895246585259166,3.0466253933772656,2.971496892378154,3.003012156339082,2.1722882658150433,3.1549467141389367,2.415030134566331,2.071688354688924,3.019098290197362,3.760389011467282,2.7886687076171834,2.8247827745497145,2.8948123482886783,2.0820425525251873,3.0033238618687834,2.074631626995788,2.841214672931442,2.982833597125367,3.490073336391605,2.983722383200967,3.005591313267566,2.798414516343431,2.9010849466696453,2.9827198464986417,2.775085059822947,2.9369669353839383,3.022323315269974,3.337417973305621
generation47,2.0,4.0,4.0,2.0,4.0,4.0,3.951546490270656,3.9971883618849358,2.025765896305267,2.2150115144081823,3.9522247577503187,3.951649493933165,3.9847168117896747,3.9836561719389567,2.4425605353827717,3.9968023287640273,3.9963028991825325,3.991335626602662,3.985367262191466,3.9877030531178215,3.9842924620409503,3.980659937151348,3.9965484629941335,3.994527417819069,3.883339660636189,3.971160673463716,3.981525736583587,3.7172628540610213,3.992465141525919,3.98937784820086,3.9595861573779816,3.9607874867009527,3.943859679769871,3.2466526934427358,3.986595935550696,3.94362236104229,3.8182374021744434,3.9902559092524332,3.9711040619144438,3.993536732763637,3.995839296958735,3.15974725238868,3.9710271941212296,3.9975138344653267,3.930759133937628,3.912684804039411,3.977118506616439,3.991135866396907
generation48,4.0,4.0,4.0,1.0,4.0,4.0,3.996667178191136,3.995307618595998,3.9442132809738024,3.7831964202118256,3.972696536042643,3.9860244920192,3.984866426719041,3.994059992845145,3.1018793194534138,3.9956522292730643,3.9981468333882937,3.994476004990639,3.9956504841228058,3.991657231510869,3.993498505589786,3.9905142119437547,3.990323721306916,3.992437206558497,3.979875081013647,3.9917890358875843,3.9816113299219906,3.9131877928674914,3.9944058098991517,3.9967202537893383,3.972146919812135,3.9932911419196984,3.9701309365011492,3.9261954219000224,3.9933908930277586,3.989304030707367,3.9960781275573143,3.995553384282881,3.9837045950145398,3.998370350683743,3.989692453759679,2.147430806462446,3.9877990852766656,3.9979392871425277,3.991926089582985,3.9933032161393385,3.9914043898896314,3.998500085433027
generation49,2.0,0.0,4.0,1.0,4.0,4.0,3.9769960061704803,3.979788600557895,3.085378878325706,1.934795426842394,3.85186913473164,3.961119297896691,3.955268357426243,3.9858536150750403,3.913914252988508,3.978950460638508,3.995229704336018,3.9852496677924636,3.948369709344249,3.9692372672586465,3.96345278054344,3.9455796871695865,3.9816922914772,3.993394204814964,3.680396412952441,3.9865064466766484,3.941113822026763,3.6496554952514124,3.9877411868667245,3.9722317892242374,3.9328740182268502,3.9636918444512013,3.9858695734260268,3.740071003597897,3.9739515412921462,3.9418476279762213,3.970318500265006,3.9894167247432493,3.9769808511900444,3.9854213583365534,3.9928774572875714,2.8241202600269957,3.968966091852131,3.9944897429247974,3.9399501157632217,3.985210928072566,3.988872278850684,3.9753821151051194
generation50,2.0,2.0,3.0,3.0,4.0,2.0,3.0404439986819765,3.7120465730646797,2.1065200608160253,2.8953067945186546,2.8776602732361276,3.27213587842247,3.038403955806667,3.154390161161314,2.9998916507869606,3.088369101754812,3.0008627810537623,3.0042532568717792,2.9698516197237708,3.0022215941824895,3.14920244140233,3.6083187524134877,3.0392762289626813,3.0347567385657586,2.919277912503118,3.098979471480183,2.8710927601263996,2.902282660096545,3.0326320409829712,3.2420608104321866,3.1335340383800707,2.99361890298982,2.694731098426578,2.8287545754046097,3.051367707521589,2.982089612705154,2.9792530443232055,2.979378626607095,3.0346898074711963,3.240455083834945,3.028196571625464,3.000364153525392,3.096775115999937,2.9866898434939464,2.963142653883115,2.944609848669484,3.0265067603293754,3.255038399917037
generation51,4.0,4.0,4.0,1.0,2.0,4.0,3.987912477837162,3.9948364115206143,3.6998436485100092,2.8837897249970252,3.835389355260219,3.9862852657867185,3.9624708088267386,3.986331108591843,3.9068548337298203,3.9938419746602354,3.9798011868982606,3.970239166856009,3.992027743867446,3.973456473793156,3.982062435449024,3.9982470712613285,3.9767161005948055,3.9707496739985193,3.9890714171250714,3.978549064676743,3.9420313478391313,3.830303228604441,3.996569465726374,3.9728782812376977,3.965315125921304,3.9511248427784906,3.993740597161614,3.9568697503647714,3.9732977807511007,3.9669696621017967,3.993041564865743,3.9054493636989087,3.972325564923792,3.9960470014722023,3.9947742416188725,3.8706998720625547,3.9827954870102444,3.9889463911399896,3.930466956656593,3.9785898662007266,3.9942044069091156,3.9961062363534463
generation52,3.0,2.0,4.0,1.0,3.0,2.0,3.9870154589072433,3.8748598499917075,2.0356209840345247,2.1430377788387562,2.167151721770733,3.6741491930928576,3.9043072547527635,3.966641994276386,2.461002478218603,3.975824124461666,3.9877165759674456,3.949028459976405,3.5963840812698953,3.973823778741613,3.6633405030991226,3.5425801644823114,3.979433883786365,3.9303983862988425,2.9467890986145115,3.9091685784615113,3.1124482963304136,2.9655849822474782,3.983360504929706,3.86077029119637,3.75126213509924,3.4855399963171285,3.094154928569242,2.6079488244018125,3.882313136851283,2.8038428545742127,2.9957451235237964,3.9166067516721266,3.5982511043179546,3.982270436973463,3.99421057035384,2.779407628095842,3.930382400032474,3.9835199770359195,3.333434518975907,3.17107712074468,3.9679070252570154,3.8872634318367
generation53,3.0,1.0,2.0,2.0,3.0,3.0,3.1526175764713704,3.4295992338077164,2.9282400502261936,2.5599993017497065,2.9958312253467496,3.6336611941235137,3.0960670564030854,3.0606832497807064,2.903117862555638,3.16774483829469,2.8628376181403663,2.948222325001166,3.0912238032732064,2.895885057359933,3.0368378168330827,3.0496344742142005,3.00022866404725,2.9713572650197344,3.0238327425332336,3.2157709019229195,3.102015839023115,2.902621189978929,3.1529053493596644,3.2209856506296215,2.9813661890422205,3.1676264001822916,3.0034012349721295,2.907088624574093,3.107062689738002,3.055694249345042,2.985792543903882,2.1599727229994037,3.3336358936822923,3.1003787447937716,2.0751603132700223,2.925070415580417,2.8157751866692715,2.708833051057469,2.99480823132685,3.079450462134875,3.152075905623979,3.206972982551534
generation54,2.0,1.0,3.0,1.0,3.0,3.0,3.0571047366180886,2.7519696601461527,2.731522698412699,2.630990076688391,2.974115326970379,2.4993086762372307,3.0342544033265377,3.0131332311284753,2.9239982167011966,3.061116558413297,3.060006974676402,2.987920891537385,3.0118310366926626,3.0007564366068666,2.9257073670386546,3.0312710091658506,3.0073463292959426,3.0712135375164564,2.9728844925203326,3.146423083611734,2.935864856997181,2.940076019444695,3.048476474336268,2.88867791602069,2.91148661292016,3.0094753632351625,2.991806860128073,3.0756034951309243,3.028786455136358,3.7921697687292903,2.991645227761007,2.9980262342188837,2.9232219433720745,3.0145295672480135,3.0132297720657686,2.709457548395641,2.9519377003020963,2.9970937216513183,3.7153940720179386,2.4120376552202587,2.978389346417766,2.9697493677276294
generation55,3.0,2.0,4.0,0.0,4.0,4.0,3.9922537056066787,3.922532084960043,3.7710737979923614,3.347643929359814,3.647440994134117,3.9711057185177006,3.8896594001048577,3.966093339905505,3.861049708444582,3.996019295453914,3.9896204775715605,3.964856846299189,2.622012956399066,3.9163408573008294,3.962809452041468,3.9491156592260532,3.990787840166324,3.984957376161314,3.867441298509712,3.9942239769664405,3.880629251654793,3.5837635144315767,3.9909244383457505,3.9377557765739377,3.523141596395752,3.8639478310132382,3.775312943225083,3.2195700272842367,3.992257807891128,3.885761859159819,3.9376866584810344,3.964846354969403,3.9093698537663797,3.9289578669846277,3.9960743613931298,3.565096886334985,3.8757545507730224,3.979593485368518,3.8013976581757185,2.935654763388218,3.994291081067436,3.9470683046460397
generation56,2.0,1.0,2.0,4.0,3.0,2.0,2.898297574608879,3.6703870731515433,2.0016117164967446,1.9814381298772106,2.011500302637588,3.1644367955940624,3.592912067953945,3.1211462237591867,2.380289298549983,3.1749939520387795,2.3045400411065513,2.8580612524145854,2.973931562956668,2.7326055514124907,3.0866894141264876,3.1244493785085528,3.027502612854123,2.9461744406137376,2.9198525394865738,3.3037918145615333,2.164645971225283,2.973607690608867,3.1722832608627356,3.216811660419237,2.525804446049038,3.1838609521173904,3.1428725467975647,2.074309689326625,2.3532359235972837,2.069869283178122,2.5789534573725876,2.2180278651516048,3.8386612469206574,3.2377189980747434,2.0907567161525424,3.6065453495549535,2.9038302678160672,2.163808510402938,2.623464806589441,3.044007210485408,3.2115131469389073,3.2790387476144858
generation57,2.0,2.0,4.0,2.0,1.0,3.0,3.9641116655076147,3.560751842974074,2.7427413207247104,2.1958952005696455,3.1163207550149488,3.8617862292106233,3.731804358810345,3.7407715075467585,3.1522545848720998,3.9666404522598833,3.979179657749458,3.9553625403285597,3.4687914784709544,3.700899020118223,3.6212498442839904,3.913287066170137,3.9144216462122587,3.9630611669954146,2.9377649605109393,3.9533776486411645,3.232361773766961,2.682982634754318,3.956427059685355,3.871150351868827,3.403756648848012,3.6732138039696327,3.899590431922272,2.865215600629015,3.975618149404222,2.9101930587558735,3.408274153639577,3.9678112960413205,3.8992286430518472,3.849650162936919,3.988955514429444,2.7178198278227264,3.8701809049132065,3.995098086781353,2.962732450080329,3.752544790662195,3.7966314612436665,3.7614409002608413
generation58,2.0,2.0,4.0,0.0,4.0,2.0,3.989394113723398,3.982194380091151,1.9724097043370084,2.031232095185494,3.1004724612042387,3.981166660199503,3.9687328706681644,3.977298430943034,3.7996376721211442,3.980269447640632,3.9936886803661644,3.986965833494783,3.956741308067307,3.9928369783055637,3.978050111321913,3.9842811225642274,3.9855793750605044,3.9828433678324044,3.9202693002638527,3.98329729688571,3.5196255310088347,3.817417431417124,3.9966773411368925,3.974149818816979,3.9880656755681527,3.956976709562654,3.982124469689654,2.0896202547508382,3.9937499182602862,3.5521118937704492,3.919380630856326,3.986225532625931,3.960580784855415,3.9933830832444506,3.9952589378386976,2.021660063297224,3.960446300467271,3.9927207621009617,3.88829690437552,3.9950650130548246,3.99374097045113,3.993890173055685
generation59,2.0,0.0,2.0,1.0,2.0,3.0,2.6288410323567764,2.8242412005280153,2.8941817021267373,1.996660724867177,2.3850782954448433,3.6365482550737895,2.728341738065754,2.5723463035533154,2.2718379129410273,2.2582803097108517,2.822352048074812,2.498563128485711,2.852242993350598,2.2899308225670607,2.9618461089860024,2.9502109337055233,2.5679509468569286,2.6638612089762583,2.8341510930185523,2.8580688259617535,2.6722089117403214,2.069698435324688,2.4390249741930567,2.8927787414674295,2.524010598832729,2.9088970491651023,3.395677922202241,2.5087532467455467,2.5371680814474304,2.8409353133547763,2.8156605417949243,2.4752382103226056,3.2288884419472548,2.9180340627599834,2.48333709887007,2.743440169640332,2.9290447766253527,2.5806717838217237,2.928663236472552,3.025688192936947,2.5317618955039682,2.9829285742597325
generation60,2.0,0.0,2.0,1.0,1.0,2.0,3.75364056324391,3.9304143983750275,1.9273013857164483,1.9762827511376295,1.9246442875670033,3.5607639323989497,3.7193953377944884,3.692927900510659,2.0083829748384447,3.8495286574636562,3.9234057606059762,3.1190922870279563,1.9862227158391095,3.1030818053207345,3.8108393065680013,3.7598106824485416,3.324166368371503,2.686012289114421,2.3225877480947545,3.7732563791321287,2.1197556694106368,2.4685455719418314,3.864866951308971,3.794422254919074,3.796720254049416,3.1566720608878005,2.7030901303425754,1.9831648130131332,3.0907153651991606,2.2267144517716013,2.2388056462882733,3.061833194118786,3.8159621454473407,3.4187956068421945,3.7456195592980195,2.0564556364783484,3.6704862249179246,3.570080265465415,2.507969171556528,3.0751559792470515,3.8945351561692587,3.860784731869242
generation61,2.0,3.0,4.0,1.0,4.0,4.0,3.976281631368373,3.9789720838208673,3.8107564033049552,2.512873448067113,3.9089224206756166,3.9674783453817897,3.9472920600801995,3.952634437224883,3.6048809039613294,3.982734221978654,3.937335610805773,3.864662658989719,3.947773653732653,3.9828300257424467,3.9593088714557836,3.9509412172628973,3.9448861045758603,3.9556249597802724,3.8645062965506076,3.944125604741515,3.7666623338457415,3.835746134739159,3.9749975237094457,3.968066385071063,3.8916220831257187,3.9247254820633866,3.9383096841814114,3.338455770679764,3.952009214784892,3.925210009995487,3.9575080969642715,3.9760034761622243,3.96047482780977,3.9749090628936865,3.996363294269288,2.9112085618526047,3.9269760303357475,3.9856201149524395,3.930860942686668,3.881755251978233,3.9625404714523764,3.9678768966923768
generation62,1.0,2.0,3.0,2.0,1.0,2.0,3.3667100940286607,3.9095630096735468,1.5589310030065056,1.6856267236851832,1.306300745295317,3.435680378451393,3.710172175573397,3.4426176365937935,2.7159701774719744,3.5039962184786906,3.0951976846706453,3.0024852858547164,2.703703155766242,3.1243933297177846,2.9615738038879407,3.293543794676956,3.0413282680686833,2.986884811171469,2.81280038403015,3.2356282366971447,2.5480456052263594,2.6235852411534664,3.233798275988797,3.349412365397975,3.2943532407850262,3.4371740133012607,2.7618391799640096,1.8038281644987402,3.150922653636518,2.7250875566943558,2.881421489795229,2.953877645899416,3.1285946633183075,3.243017295885684,3.047905514500618,2.8283867818860244,3.52546206348911,3.013460433654004,2.4867558135799794,2.979662864656077,3.4816258261118485,3.4308614882968382
generation63,3.0,4.0,4.0,0.0,4.0,4.0,3.996042382097435,3.9910657011724338,3.9531319428444833,3.576169217975698,3.979807985063689,3.9784146043130657,3.934990509004285,3.979242258320774,3.7052128462263316,3.9894139823738137,3.9934156783004555,3.9914911779640736,3.942438545022544,3.990055042301548,3.9855404071110923,3.961617445038655,3.993381114275152,3.9921784880322044,3.9508129742288496,3.9586223935673557,3.9849694732483094,3.938807200755282,3.9714774870477587,3.9872989166803063,3.94904972694797,3.948710662078223,3.93770630617779,3.9029257233707777,3.9706404408246523,3.9721234540340395,3.979836339854414,3.9895121977863774,3.975916020821737,3.99524477269541,3.9919345614552832,3.3409395964665087,3.977049281718212,3.9959991655662077,3.971518144441343,3.8797780205541996,3.9931561656842134,3.98585746975398
generation64,3.0,3.0,4.0,3.0,4.0,3.0,3.9839451691155703,3.966423334559929,2.9765024804688096,2.9524403509476915,2.892824262225247,3.8420067777743734,3.9007311105605242,3.936713930065669,3.2905236537196894,3.9068415170496276,3.9770355151598027,3.9087423594300756,3.8193876758439766,3.9828662222862334,3.9593563079528034,3.9582791746324983,3.9569088360446694,3.9828721456039298,3.8508023229414876,3.9541030529976364,3.6650253601892375,3.863750267948216,3.991950154878399,3.8225549658258235,3.9157142578395248,3.967922924648295,3.5761479647529484,3.1461860933168957,3.9684456375392303,3.720841260145617,3.41544006254684,3.882840418534398,3.9060508713835573,3.9765164102312625,3.9812683214365765,3.8043948331770707,3.9211057210880367,3.9902097210900984,3.8184992528246746,3.859754851789562,3.973165344547996,3.9410715556335147
generation65,3.0,0.0,2.0,1.0,2.0,2.0,3.14764564020309,3.2846260198504136,2.0237621170739453,2.036853513206089,2.244169880717411,2.879567193678095,2.9758669672288405,3.0081104628170503,2.100450080363569,3.0670646818414777,3.011172823492619,2.9777484100132865,3.169711135367673,2.3929768581493165,2.9646295995473846,3.041242340767017,2.9139534921358012,2.749673154962398,2.308633574350043,3.064420311468368,2.3357982345332076,2.090920488650979,3.175223177569212,2.8884215156359474,2.91564496962592,3.035650505538775,2.7983156365030806,2.214407246738669,3.089615863555095,2.453377576183147,2.9500072156148756,2.9453043874919578,2.9508989025298,3.088542899115159,3.0487890473042616,2.908110655226972,2.7466568544313708,2.4762325950631108,2.511942622464706,2.891584535813249,2.992001811035671,3.019178987491171
generation66,3.0,0.0,4.0,1.0,3.0,2.0,3.9758090423870613,3.9828196280108124,2.1737095039284884,2.954116204754575,2.964215582752812,3.9340783903734593,3.8888654368364817,3.993062135777755,3.1023436180242348,3.9854168411359128,3.9956544405482535,3.834486549115637,3.9689662535682713,3.992030338425432,3.9903897761036125,3.984526896149409,3.983251167112908,3.9953847000783047,3.094509384155,3.984302322035232,3.0447330118885643,3.0133950446971003,3.9924084375480273,3.9862838570709718,3.9519100288171245,3.9530350946220714,3.88353431555141,3.044302899733966,3.9715088044496953,3.26018722219931,3.1891327068105593,3.994580090937987,3.943645292829858,3.9977371504884958,3.9940884906738283,3.1553269948775444,3.949703938771626,3.997994310846845,3.3229849025149223,3.7924467779534914,3.9821205686568377,3.9933872057875046
generation67,2.0,1.0,4.0,2.0,2.0,1.0,3.9861296397712103,3.9402396382369163,1.5596855289020486,1.4268266937796446,2.100409791256054,3.8561824391226076,3.9115307697811734,3.8894002007762754,2.9789537208064614,3.9933610146510845,3.983381370588723,3.909495200719399,3.887421443261898,3.956242489092758,3.95281214332221,3.8336563096937764,3.942963430264861,3.922561093680928,1.483942639793984,3.9257494812054987,1.909378150788646,1.9740866169405606,3.9666616834187294,3.786622131074994,3.7611188516664527,3.775648073112891,3.013157506058478,2.7878383402884817,3.925349913287282,2.057704324066822,1.985373946163024,3.9550507370975017,3.723008884404904,3.9847814756273183,3.997727501554196,2.0686207629126,3.760232265307852,3.989688025776927,3.0431745088811173,3.345541231670472,3.9599341059253206,3.9619191315642492
generation68,4.0,0.0,4.0,0.0,2.0,4.0,3.978173298339573,3.991197194367789,3.5899710685278436,2.898153672289957,3.9512208199954704,3.934612946145831,3.9882076787146583,3.9893864159357384,3.9202230695895732,3.961609686758605,3.995283625482008,3.9829510258910577,3.9827777988353437,3.977303705564842,3.9804890457586337,3.9724661539486177,3.973938925855626,3.991699994741669,3.915545047193286,3.9544042017698975,3.9743222118343886,3.8492393868551518,3.9864658755431592,3.9854071925545034,3.9874223344206277,3.9710322231176898,3.9610760342889955,3.907505294559549,3.9831364490267847,3.8909198106926395,3.9824170784058825,3.9847525631452445,3.967484510092452,3.9938048230551098,3.991276322158227,3.894286057530847,3.9323740247267787,3.8995743245930052,3.9356163517029445,3.9553844173126307,3.983693630232726,3.968086892750833
generation69,4.0,2.0,4.0,0.0,4.0,3.0,3.978088480472374,3.9678378556987557,2.9826724931814224,3.3834304828364656,3.924017671317133,3.9437027916790597,3.989994027313558,3.97746523049066,3.825933448566,3.9622034433114326,3.992338406856849,3.958936891834242,3.993443886971798,3.986657575584324,3.976352030215627,3.995717944314295,3.9890930854206763,3.976728112283179,3.891323606349056,3.971068833067675,3.6715097515345145,3.8876765657089325,3.9720469963977445,3.986586052994339,3.957200410439245,3.9852566466684776,3.869148562572023,3.489016386510981,3.9720540564360705,3.807348468997333,3.9496606479484737,3.966678915568107,3.985557277545059,3.9907652499480295,3.988332582913898,3.752027705131161,3.9749758065738314,3.9960807934757967,3.6084626879910906,3.9453401105431807,3.981359395228362,3.9687544159736543
generation70,3.0,0.0,3.0,2.0,1.0,1.0,3.4122247734104003,3.825031939614405,2.5400474568924927,2.553848498980165,2.7216091093440964,3.8865867720113303,3.7040188614377105,3.6059700112743274,2.9445631293979035,3.8025633596314474,3.160521302756903,3.0079744615247392,3.2303547522163663,3.157984067825863,3.596884134032388,3.792944696355798,3.2074073947202972,3.355472004331838,3.0166128927988844,3.8659097599376695,2.888829937165882,2.9168039807145067,3.6590795272115413,3.9278703335631815,3.1124886054650927,3.1524143426533793,3.7803346545897267,2.8270154363864757,3.0615645802324254,2.968986397154531,2.9947234749255216,2.9480780264660003,3.944044402789466,3.628817528818397,3.116357647830431,2.966654267415434,3.074548542463387,3.003970515836248,2.9845566257877283,3.2633142710469683,3.7054202222050114,3.8968870874507777
generation71,3.0,2.0,4.0,0.0,4.0,4.0,3.9760231013441967,3.9929557364081636,3.4592293752771393,2.815983348591125,3.956404944022417,3.9899870591883997,3.9870030595070136,3.980014799867225,3.9564219236679854,3.997361274313132,3.9977332303378614,3.9967986643113775,3.967879360440446,3.9950765732848668,3.9841747802449463,3.9928302708987977,3.9845601511056348,3.9935244814146884,3.887794685968039,3.997388287824032,3.9201690290369573,3.8896555217767945,3.998553361948013,3.9929715120590976,3.96818728580243,3.9657350272670038,3.7731845439940734,3.228061048068594,3.9953798405662764,3.9354891943960535,3.523242215788729,3.987075811645747,3.9888162675902366,3.997088943834299,3.998193942785301,3.539760761645206,3.955329706535473,3.9966143323571988,3.9509077615058277,3.6127728127978154,3.9935612236730575,3.9893773378649877
generation72,4.0,0.0,2.0,2.0,3.0,4.0,3.861181521258902,3.990257624971708,3.232211986488818,2.3978568113968315,3.6945671033910576,3.9280373693595325,3.887111456674883,3.9008675738983025,3.6215217961508093,3.964297935416969,3.927555731104047,3.9624020062114327,3.8831385568019376,3.9297791746446022,3.7941384532498783,3.8976782546235746,3.8678822790127803,3.8978465285885235,3.8629815284373974,3.8756276571163784,3.9297856960956157,3.7223106639830243,3.9487987524293855,3.856077163463746,3.950172191882908,3.8933110816908503,3.8660335088366047,3.712250310947064,3.925556143460765,3.8776859326940563,3.9810915357562573,3.863751641801376,3.664276458397479,3.959942296709345,3.8537235299527204,3.33147480299007,3.9150768095840496,3.839565306527335,3.7385891477920765,3.903853343717475,3.885839679852052,3.969530933282767
generation73,0.0,0.0,1.0,4.0,0.0,4.0,2.6552920349367874,3.849854786392195,2.890288020811814,3.3136972808441567,1.5655108334019994,3.549526121783006,3.378739192325938,3.7053497441062726,3.6887113535366396,3.8620828890673002,3.7357518117797377,3.5614013445797643,1.2285743833221534,2.7022241266265685,3.7537677654701107,3.72241014628849,3.4441597224784286,3.021607274128339,3.7944923851519943,3.4456828716394976,3.7409872079674775,3.6043620413825,3.7639661803798043,3.722990826404864,3.826034551782829,3.839200193437853,2.306285678345676,3.9398400665513598,3.4927818584877075,3.981538354666878,3.00537902810049,2.7413129328949606,3.816687832685665,3.46896796087955,0.9574442607817776,3.387777155604261,3.453455060314708,1.2365800916620362,3.9007241540679223,3.335887756201857,3.707356007292504,3.886367761529109
generation74,4.0,0.0,4.0,1.0,4.0,3.0,3.9877401308393527,3.987922691968056,3.0538563118592505,3.5665655811506776,3.8259059670972952,3.948907182200807,3.9775116334938816,3.9809542250507532,3.920234635723488,3.9899768269324283,3.9799881163501367,3.9789299745092097,3.980786186738019,3.968226862336961,3.9818595104352665,3.957944536008194,3.962847027038907,3.9744424323372165,3.9549153409596873,3.979502927199453,3.8734371979357585,3.8729648557731946,3.9898000947347794,3.980011288309251,3.959366513844764,3.9859769866061994,3.9585093257180244,3.8798510804970063,3.9836381539494092,3.946560464570531,3.9754985069455024,3.9932637970508194,3.989305052762989,3.992350395902106,3.995019886740421,3.283405398361124,3.9523082450161886,3.983316002500596,3.9727287886058704,3.967698745531148,3.99055640356332,3.983685984190302
generation75,2.0,2.0,4.0,3.0,2.0,2.0,3.965327573338186,3.6861798398374432,1.8172287999149679,1.9090390993074293,1.417872278383357,3.2918674877126017,3.3512773177389557,3.569823706512833,2.422469867778791,3.9740660982143132,3.9463082769459916,3.936973095857936,2.038738358968314,3.7486532017550576,3.053213562664469,3.255316547424518,3.9145154627989487,3.9272721786742752,2.098106083873464,3.8906508077127113,1.865048357353481,1.776667915703037,3.978560514561851,2.7988416354127317,3.0027781378120224,2.8056068025024454,1.8403686950523301,1.8778652538460616,3.8979820526858475,1.9774461357343864,2.322434512796721,3.9577286036493464,3.3362107275239037,3.7326878096446743,3.9864729604457683,3.1852808854660095,2.512283675860657,3.967163962025367,1.937532401342338,2.6782545809347758,3.9125808609552815,3.765285400195944
generation76,3.0,4.0,4.0,1.0,4.0,3.0,3.9972500289914845,3.9933790859976397,3.00654247886356,3.214653055184871,3.6340331840563453,3.9616852397323807,3.944153902226823,3.9754036120257976,3.801597333830236,3.9953398447189534,3.991648546183929,3.9912069691925343,3.9293549724314163,3.981918603682012,3.9754563165965027,3.9612893779115494,3.9907856058927265,3.9918653700190583,3.921149166292474,3.9924511170139936,3.8756516819315587,3.773800162206155,3.98880554216223,3.9548102032559576,3.959598068938912,3.9693703322186837,3.939923093415963,3.5096126212173395,3.9830883261634638,3.865370071558545,3.881390879646042,3.990018105385091,3.9082459700135215,3.980907715023585,3.996131338430508,3.5419488179567034,3.9393274336614064,3.988215758895091,3.9374881699784416,3.946865167102286,3.993708032976609,3.9938429754738496
generation77,3.0,3.0,2.0,2.0,3.0,3.0,3.848829247821462,3.9775983749876285,2.7637868915833543,2.346612622066855,3.002437545629226,3.8386312618593394,3.8938673992280117,3.9464656092401476,2.9960095930797945,3.6626805822348696,3.929400653497592,3.4244626440645716,3.3139647195162607,3.667540825388654,3.6330954224105896,3.914116143750721,3.911783903349212,3.85498636217459,3.2410922163208395,3.936353610569571,3.0326618594267774,3.0820968349513125,3.8886984542345435,3.9485635619305492,3.8342602509240065,3.8012773303567142,3.1548518892916793,2.919477876096858,3.4595740857278905,3.178719626827146,3.0246248976517642,3.152308060575959,3.690915711778473,3.815146008355286,3.3982091951672606,3.038886396019675,3.8261416251918825,3.0865385459324557,3.045111149664677,3.108552970308916,3.8072070176310913,3.8579237038650334
generation78,0.0,2.0,2.0,1.0,4.0,3.0,3.7071346491524717,3.865942934062091,2.6175328844623076,1.9952369552751714,2.1853132273762657,3.9609903699434144,3.309209968745167,2.837529072663595,2.2985200679651405,3.815809645467564,2.8809839910880277,3.2800168864034616,3.299308015869794,2.5714044895661963,3.5737955470370397,3.0090492248960543,2.958773258340631,3.2308570179016805,3.426262614192686,3.915235056450407,2.6705391850565663,2.562563752730301,3.742029875057435,3.8711875474854702,3.3304712036898234,3.7426455356237165,3.5312278445277516,3.1608408910969543,3.3388945934554077,3.8180602075410013,3.5439761957792224,2.1497495111565024,3.8326651712808686,3.4989629009373617,2.201857876477126,2.8592687717478302,3.4235378242643657,2.320232028723624,3.6696641608035137,3.8929705243305244,3.516425373590533,3.8469022298794324
generation79,2.0,3.0,4.0,1.0,4.0,3.0,3.960870194309243,3.9814551423474662,3.0128271685696744,2.9937846498480343,3.358234045407258,3.91843470273094,3.925120292613044,3.985759489667945,3.3656715740773246,3.9708227989657026,3.99042250288045,3.9839392738988004,3.9358717493448956,3.965364856248582,3.98073340513186,3.9910126093522593,3.9788069070907706,3.961197921845999,3.8700541181634347,3.9752865712319636,3.7479424067369838,3.745193596150205,3.9787688506412753,3.9866510360946883,3.9033051547200537,3.9752555933106004,3.9730722399158718,3.0470989774999695,3.9836220964654294,3.559861252175935,3.7169948650179725,3.9516024970141688,3.9515726064926535,3.9804881810765615,3.987624928635346,3.4792594216084636,3.9504484488510574,3.984756273348336,3.7431787936579677,3.83255928662078,3.9746223239591005,3.938898857475224
generation80,2.0,3.0,3.0,0.0,2.0,4.0,3.462524813070695,3.6134372878433134,3.8778606135270746,2.222162145181859,3.580662738662822,3.7393672979645776,3.309680919894813,3.1391775844013035,1.843566801647204,3.4232971480789653,3.102522180950027,3.0868264316820504,3.388321682964439,3.0125152810687896,3.4483434228545127,3.4123269678133883,3.0458318774224544,3.026466509789983,2.9653918345359176,3.0819796335457053,3.90705458458851,2.1573647572841903,3.3105484600476953,3.4533051949979465,3.074336987480864,3.1081201458631806,3.399934638901421,3.8885590237822107,3.198892562769867,3.956585639777969,3.3619585257098907,3.000957143213172,3.813894299733677,3.320005451659084,3.076054170214057,2.2033487226728714,3.201006639147552,3.0763261445227505,3.898290642367885,3.4674680652129757,3.0661383556796413,3.4206442861665884
generation81,2.0,3.0,3.0,1.0,3.0,4.0,3.3006027264373614,3.672443027879057,2.4607421977734885,1.910233314998853,2.813732601013398,3.496647219649963,3.0867835015074756,3.000168698539874,2.489713422508183,3.3502243222990993,3.037034356127475,3.0576707711792555,2.872110476563661,3.024604083216309,3.0485622687064384,2.9361296272583943,3.018459032340091,3.1448093769127756,2.7334450905725465,3.112923901454009,3.2452650556635807,2.5034126657829603,3.192922604691776,3.0540761089924673,2.869206861562291,2.8833904834392206,2.3210610697860248,2.4030751546594593,3.1403396054188875,2.9140819903160065,3.115636991483293,2.9590536585307694,3.5355248140579354,3.187291239267921,3.0336512296300566,2.798469304335908,2.842105635095866,3.0311372876224776,2.9841590769594752,2.6750620300395207,3.2221996345622195,3.4131535891601956
generation82,1.0,1.0,4.0,2.0,3.0,3.0,3.996992234259516,3.986932723950976,2.95093661209214,2.5926345954796033,3.1085701289163903,3.976045004775025,3.9702318358733275,3.9735190966621343,3.176715687740622,3.9909597193960438,3.9906325799695317,3.988124290729489,3.8973766910510257,3.9845887056461087,3.978662409363636,3.975324713180227,3.993742680546739,3.9862809634099556,3.839434351552329,3.985858155161135,3.503983636108583,3.319030766947585,3.9963012781587346,3.9757673349679417,3.9698138678944814,3.9764982893560066,3.557157483143652,2.7777649470139467,3.986985748575488,3.9259925949393524,3.5630068399417154,3.9693197197746164,3.9580996242017927,3.9933710843854158,3.997286652047255,3.282052377706125,3.9299178545182447,3.9980297984508737,3.649443271722455,3.7989080473553387,3.9969354015393495,3.9780903271014454
generation83,0.0,1.0,3.0,2.0,1.0,3.0,3.215607031396027,3.5305401934578864,2.227617300654283,1.7559856040820816,2.9057607566117407,3.4896597525699034,3.613126012715703,3.016247058842095,2.836859005382748,3.1618184258321786,3.1374236346982047,3.2774705466518346,3.0783709865838005,3.009821535013323,3.083421651305913,3.3367226876068106,3.047226745126052,3.1196157462861906,2.982362963720973,3.5986759529738412,2.952466244135722,2.592287008140134,3.789332623941159,3.5633926993310605,3.019151145265449,3.1036101752941785,3.1078896895961177,2.6229129759445446,3.142197478832701,2.8072279928121047,2.9930159457359484,3.0320141906040368,3.6145420414364007,3.181789767838323,3.0490103125091523,2.9973677670443184,3.0505070467045,3.0165398414315483,2.679566370902545,3.0917790929704774,3.3714214027068072,3.1316726031844144
generation84,0.0,0.0,2.0,3.0,0.0,1.0,3.149056567709626,3.8200573850798873,1.3525942321376987,1.8145753540374046,1.6980415831508067,2.884303709327472,3.6515310932968785,2.8384839984460846,2.4483326925876328,2.617300366778694,2.8747900805333155,2.1588654508269145,2.0066310163466223,1.8497066794399364,3.228471349074484,3.860714033629886,2.271278124579105,1.985700879511594,2.222324828561816,3.173369578374835,1.9449030470889772,1.2102059265159935,3.036008968675141,3.4042683805799587,2.97114072520387,3.7350299446108814,2.947604339869493,2.542145259695118,2.6071480755957523,3.402924583286133,2.426730933631809,1.9816100958463319,3.5066298424301503,2.9687816547293377,2.0730158182948077,2.961824995448357,3.124444350672339,1.9798274262252054,2.7993710961624383,2.923445883265934,2.310815670548577,3.758169611314321
generation85,2.0,0.0,4.0,2.0,3.0,2.0,3.992552005125559,3.9623072467563363,1.9893890576782354,1.936209985854006,2.590475549284736,3.842982394783102,3.9308186877787232,3.936838611808555,2.682920583666658,3.984716097624095,3.9953074978717726,3.9509049990563128,3.905881982453799,3.980401946872114,3.880604806734931,3.933948273764284,3.957538753862847,3.9892076677088397,3.202992091337645,3.9641740685622295,3.038743854301399,2.964974851086156,3.977342313159023,3.8912132209898553,3.772301741531975,3.980378983160572,3.7631845222018887,2.2068012754599287,3.969308685434138,3.2338779899628376,3.3533049695198343,3.9948055670427847,3.930156543422416,3.9538912155654367,3.9923653728720114,3.1868538807827154,3.8138837466768605,3.9981457130067373,3.4085913828723156,3.638303680011973,3.976993028253883,3.9543221332575853
generation86,4.0,4.0,2.0,3.0,4.0,3.0,3.866173890848594,3.983402103378687,3.030661463869689,2.862734056471837,3.5081955494412655,3.986058126013362,3.907326795571437,3.9297517675669695,3.2018441013904324,3.8954183559553286,3.93681072918418,3.542234743099035,3.911535657870461,3.4849899691838293,3.9855669257307116,3.9385408133355404,3.226119221951367,3.4987905253847016,3.8253339994648368,3.68693109602519,3.553944523177334,3.5784877918658897,3.9440846562468104,3.8720043175578387,3.5937248775481336,3.970521003140516,3.8656147529027387,3.3496670777848605,3.7549781266773183,3.8135628085868087,3.894988858858374,3.51159805319163,3.9349253664383332,3.944167572592448,3.452958661628432,3.893559455213164,3.7070880515237863,3.505984461586537,3.767967691388937,3.9678620171203347,3.913466206419976,3.989019608254038
generation87,4.0,4.0,4.0,0.0,4.0,2.0,3.9815648401674726,3.9852375555316204,2.0478684552934907,1.4872476030769168,3.7452913321124672,3.973909639469727,3.980554609882729,3.984918881948973,3.8501471766707698,3.9971071272896457,3.9883775020176007,3.9872526188590074,3.973713888909734,3.9916584144844864,3.9832064189735594,3.9787962425660073,3.9840508650466173,3.9800602468376662,3.9618376518634664,3.9802574629455396,3.850127008597905,3.8979538278420907,3.9921875719739583,3.987675992700793,3.9901921885374203,3.9917005697876036,3.9504839093713002,3.486975260727612,3.993149740994725,3.9124312219017496,3.993027657035558,3.986861438528456,3.973271823243154,3.9864467157957812,3.992663432513209,3.9258032671024616,3.9754242156887116,3.99533393526679,3.934536150055673,3.9850528182312464,3.9965242705261166,3.9868514727986937
generation88,3.0,1.0,4.0,2.0,3.0,3.0,3.995347152527852,3.986730769529865,2.9720525961582673,3.0029971335971486,3.070660387341969,3.9306009719685013,3.980701952869157,3.980983387920005,3.0051379418255877,3.9765122278024707,3.9679402422888264,3.975642781711305,3.964872025333618,3.985956166074323,3.9368631645830403,3.988179935339773,3.983314710435795,3.9845341059403556,3.2649306494047003,3.977288038692338,3.467407754849282,2.99886318995135,3.9937290680430673,3.989240258786287,3.946939207840971,3.9792068210920237,3.8483754909012267,3.0668451826132785,3.9667424496792436,3.180862006027972,3.330959858217126,3.975684268442132,3.9824984501580927,3.9833186809686194,3.9849610304528573,3.5692016684829446,3.976426653010657,3.9900620913207363,3.3505159141204848,3.8650572960579592,3.9787131239472915,3.9936103764703517
generation89,3.0,2.0,2.0,2.0,3.0,3.0,3.1552525577135113,3.312245038204307,2.9781508189516424,2.3488024631046702,2.627073838561856,3.4137315903365537,3.1921430627785985,3.422170489823202,2.716936365636016,3.085780659423968,2.9041970361613387,2.903887049784566,3.4997523234531576,2.88473058341997,3.0240154543698967,3.6808835022723483,2.9102460542744555,2.6962464987985357,2.979419723241716,2.5283432431305823,2.9376609864309327,2.9365578736843845,3.2769496389704265,3.439617844939808,3.2034662629058497,3.0702517786504306,3.2147749819033247,2.989073831103618,2.980186039213952,3.095337331910401,3.018001325029505,2.4179389068691526,3.2513683546719228,3.473893916575483,3.004232977105569,2.880095196480254,2.652220158384857,2.8358401539693743,3.012821321323343,2.926317615047929,3.3246850682045586,3.3974009861495507
generation90,2.0,1.0,3.0,0.0,3.0,3.0,3.690259563355909,3.85058136446037,2.9243353108278343,2.8276966350639583,2.985290290563321,3.7533716775504056,3.418916886302492,3.179127710632041,2.9728101401201843,3.420207158128577,3.6416955235573027,3.166843647845314,3.0595992846444195,3.2534225231761336,3.359412235067059,3.500683027291132,3.488613121234249,3.471081988717211,3.021557639158417,3.5270324157238457,3.0145859709811744,2.9415659607364923,3.39536106684088,3.7244237454690725,3.544734145763182,3.2302189229814897,3.114976731307209,2.9831961010877843,3.4326543048312574,3.1642953875839948,3.0577812923683876,3.1936952156439196,3.790706186941049,3.750630026848889,3.5961167314112275,2.910846970332384,3.3061533062754602,3.078835210792853,3.024987562819583,3.0120170226138283,3.7235937668578045,3.1815821181971313
generation91,4.0,4.0,4.0,3.0,4.0,4.0,3.989641848303407,3.9989159162009105,3.981165123720819,3.9398514935988205,3.988815554764171,3.997555288271392,3.994597008803155,3.9983103192847627,3.993738387304331,3.9967647860152864,3.9991538256706147,3.9982996214768756,3.9904939984615484,3.9938159212810946,3.998284840362125,3.9974407871372746,3.995610779877919,3.996041286176245,3.9903251873761496,3.9970982100414747,3.987742830908594,3.9951870480728373,3.993324077749861,3.996014779081336,3.9848761381261504,3.9932358217862,3.984977066198296,3.995689711082446,3.9949494376179127,3.9815209962834377,3.9983016478566773,3.997947268157908,3.9914870359851875,3.9992999236101534,3.9940373721356024,3.9901985617146036,3.9966602754355907,3.9984677511070714,3.993408695942673,3.9956463989722875,3.993106246575396,3.9961934273086457
generation92,2.0,2.0,4.0,1.0,1.0,3.0,3.9751269335607144,3.8843255523144498,2.858749314854478,2.0839575452296732,3.068052621790415,3.7267765021780535,3.7312997550709546,3.9321291782996455,2.6768365584828877,3.9806664473574145,3.9788769745023984,3.8856546157163168,2.598764629652006,3.874161638827508,3.2952170403597885,3.8527538614625625,3.870910058919559,3.948028121902096,3.2894268025953064,3.967485792590083,2.8612766131750083,2.1220501252395563,3.9846971664663355,3.819703766657794,3.5350299927629187,3.2250643131097454,3.130110467941375,2.480675550252336,3.9162838333053305,3.128316718742113,3.0531847407331614,3.9138634619862995,3.7688238743943026,3.935693454434447,3.9695614616492696,3.054689196566868,3.7160723226296857,3.9669163220960155,3.2957523582487465,2.9809132503386055,3.9690600141973054,3.883624889930649
generation93,2.0,2.0,4.0,0.0,2.0,2.0,3.991692494019601,3.8995244147093975,1.9907452426883678,1.9440362779788913,2.050869338451998,3.97833225225211,3.965461152737882,3.959565753589714,2.432981174566191,3.976059835679367,3.9912887141004947,3.9788706297058836,2.911216956442224,3.9495448699832307,3.8974893214144957,3.9659335870048533,3.993418435337811,3.981917957998447,3.7988559295608373,3.978525216751699,3.363515273404116,3.6617139850767644,3.9970140496993602,3.833580572724245,3.945886509345066,3.95606372322844,2.9011592233264563,2.0878674699558584,3.978896153848792,3.021317024728665,2.181556007846805,3.951459959480013,3.9525667028687157,3.9276171362077807,3.9957633871110922,2.4949054055566338,3.854125776353142,3.996659644583409,2.9573904071158466,3.8962498962992482,3.9786745135309105,3.9505385794804813
generation94,3.0,2.0,3.0,2.0,2.0,3.0,3.5384875482019345,3.4600551396335977,2.824133249668721,2.7788489350829235,2.6988982695650106,3.5715535171061767,3.1960824254524427,3.2786276760660886,2.915126546962746,3.641158852191144,3.436354602435064,2.9901414392983012,2.9049116929906305,3.0464476864097167,3.085645030548581,3.079262624542691,3.0069135456466425,2.9724371226964648,2.868174194262934,3.4484527510787437,2.8014685520768503,2.7895903397051027,3.534442116016871,3.3090561871026494,2.855161767125849,2.744076669302501,2.8692302522632254,2.8352996324061044,3.11916376624278,2.9951190473292963,3.0062004402525,2.9992916908864022,3.317194494178952,3.1029043467135704,3.170706735230069,2.9117028909318567,3.0615611470243715,2.9793086634789514,2.8794247550423577,3.040781287006118,3.728359021789262,3.32303037327943
generation95,0.0,0.0,2.0,0.0,4.0,4.0,1.8384984257318433,1.9843462985887774,3.9262286972633285,3.7239134487273753,2.061343334563497,2.601292677604266,1.943950870319159,1.9732547736130042,1.6097175138618338,1.8922921187601618,2.030612949720134,2.002649257043295,2.1413939947743663,1.9752731325387924,3.595359364037413,2.0144775997327664,2.0391917899139207,1.933585436971351,2.2391891529153614,0.8767173783384881,3.1793300057034335,1.8637458847600106,1.9721203951340542,1.9919809455011006,1.9947740121516455,2.224991581076466,3.4998203110364607,3.8260794120397073,1.9559952001459742,3.5784568798883867,2.131917949928202,1.9339314468662028,3.01626301459044,1.9768802987449585,1.926221718007359,0.062140549724091054,2.0252143433672836,2.0449620503100294,3.729949873911252,2.254668519663914,1.9741035239029951,1.7789184995235376
generation96,4.0,4.0,4.0,1.0,4.0,4.0,3.9762922835192995,3.981216619826294,3.730329662820606,3.6572800114257347,3.8800812045466158,3.9824075216044994,3.981865716957948,3.9710009778720496,3.911797528624054,3.9821084408605367,3.978014815400212,3.9799198066293133,3.9883068472309637,3.9769614049294564,3.94057960201229,3.9689040738241688,3.9776372714719455,3.9660975458438035,3.992939780427497,3.903562991389772,3.950343671433847,3.832313260527044,3.991748518449748,3.972193208753672,3.9788864388896497,3.9838717007360422,3.9637974869440282,3.8906503979649547,3.986077087424332,3.93962796009696,3.9657123249910198,3.9801889936971047,3.9323900211177203,3.9870104334839658,3.983284076871446,3.9234707039045715,3.964179344447826,3.9833349415948973,3.9646807567888973,3.9861050327375716,3.9608226429876323,3.9873989606583797
generation97,1.0,2.0,3.0,1.0,3.0,2.0,3.260207629686573,3.2273036506088255,2.012112938035388,2.0953574180841947,2.8927442244209027,3.190496339087008,3.480105924948699,3.126422758123268,2.9112344590454455,3.1923661709441262,3.005575180867498,2.9961367621102997,2.9631355936571357,3.00225816834133,2.976924430727884,3.631314003630008,3.0688221187520335,3.021719888908076,2.87399324857348,3.009663519307852,2.6561789620641867,2.847007914630234,3.2789131443549726,3.063329936214873,3.0611327660195835,3.050077025786866,2.884970537937237,2.0479980367008563,3.0198186089795374,2.7753720797787627,2.9771697534645787,2.996915219279002,3.442940227942633,3.545030374248775,3.0104906446995963,2.9862679287921403,3.1011405633760463,3.018564089260768,2.7983362016007156,2.856416598839326,3.1963541238657767,3.3596808342142417
generation98,2.0,2.0,4.0,1.0,4.0,2.0,3.994216974989704,3.965359815552571,1.8993214678033472,1.845227926625484,1.9316138358389072,3.8994942824817027,3.9423266510221002,3.9533787454987777,2.199188755830527,3.98020728863867,3.9699609005672447,3.91531856087197,3.7819188267851,3.9788371018679998,3.9373709339517746,3.9869699880911966,3.9627892261049005,3.9850595289052446,3.815276985071366,3.9786709964122444,2.825389290485932,3.9466882636345084,3.9814849047740872,3.955538246358124,3.8987045367011004,3.9829380029001755,3.556785782214096,1.9271083851155062,3.9725442179136,2.718025761631268,3.703640160689961,3.982167938076146,3.8040528144743875,3.948807559905462,3.986874140571194,1.871654569369493,3.8981908365471467,3.984681144492485,3.1437117078317716,3.28259593136286,3.9230145638832683,3.8811280345419843
generation99,3.0,2.0,2.0,2.0,2.0,2.0,3.313709837855172,3.347499599684151,1.8773849994080205,1.9761009140811374,1.8450061527336623,3.213187205015615,2.9301060251822983,2.7182928176967387,1.9462234570816626,3.30831416068162,2.9208412045252263,2.657948821539801,2.864559701397827,2.1525715972140667,2.939529579269774,3.0346201872533274,2.4764480270509215,2.9263569884029605,2.6230481369711853,2.9573099148715154,2.05584991903304,1.9878498067912502,3.4072627669654847,3.0267698346291856,2.2546922117231567,2.921546290212338,2.88451429702915,1.9892387183411624,2.982336387968179,2.010230273086841,2.431492925293419,2.085686322142542,2.964312487313913,2.634423617156122,2.4229023911746514,2.724885704530677,2.8404513703086676,2.162144008333414,2.200708330394459,2.961234654750298,2.6901836946017657,3.246496419242455
generation100,4.0,2.0,3.0,0.0,4.0,2.0,3.368340215069239,3.910945689831603,2.5824187321249688,3.0282246416721192,3.475172617532473,3.9737070823271985,3.948672419753374,3.5292342639530743,2.970867344986818,3.576729917449999,3.4980905697920064,3.318901541673587,3.9761522323620917,3.1694335643285916,3.9340311661915663,3.7926906311469804,3.1587360888520424,3.292525855706236,3.906283058002847,3.336163979641638,3.6975706046285675,3.5429603571157053,3.6847720773368677,3.779164705925416,3.354793623466027,3.762523567420489,3.882494802498233,3.2074457227879662,3.847262430962294,3.5727434976012753,3.934487497622286,3.0559369959388887,3.977481119992613,3.758031041850202,3.183141817013328,3.487794177656498,3.295932807051196,3.0306888012207747,3.3703305459957797,3.774934399271322,3.871876366550876,3.876137289903029
