,s1,s2,s3,s4,s5,s6,s7,s8,s9,s10,s11,s12,s13,s14,s15,s16,s17,s18,s19,s20,s21,s22,s23,s24,s25,s26,s27,s28,s29,s30,s31,s32,s33,s34,s35,s36,s37,s38
generation1,1.0,2.0,3.0,2.0,3.0,2.0,3.634583720502591,3.6303807841544136,3.896713448667372,2.4881408833840584,3.076364356061344,3.724102406477294,3.7348583853996704,3.7754761831617225,3.6905629312054176,3.80768395236689,2.7042639504485577,3.6832374137913724,3.385246676977925,3.7105659753683455,3.6800671423756888,3.1248182896181644,3.456477823662127,2.427016048513807,3.8535276590068874,2.9693011506679112,3.8446763460727666,3.1292546399247128,3.468435108093025,3.7914701446342036,3.395775891281406,3.941219879914948,3.6363611808542062,3.0507126704586605,3.5386313693109863,3.5049425616514744,3.839788343076905,3.8942626670429803
generation2,0.0,1.0,3.0,0.0,2.0,0.0,3.656247469202901,3.333777253774005,3.957636452033545,2.088733859230913,2.556953105708168,3.1184422832343173,3.365290612087177,3.76276270587379,3.090759272974779,3.5594688930198646,3.0030070740889228,3.802380356787202,3.728113605517887,3.557508434114507,3.317679147324837,3.2386979136192515,3.340697084009748,2.076691711617299,3.9146409232399644,2.379273967518932,3.3944524700894423,3.3450306421093807,3.25065648493827,3.9535128970113895,3.077251570082274,3.6047498238491325,3.392373490951871,2.5502772377702554,3.8008694391521964,3.7190754497477654,3.9532692754898693,3.0868551620357785
generation3,4.0,4.0,4.0,0.0,4.0,4.0,3.7976462120482886,3.5432641377349463,3.885263220208097,3.6501972533826166,3.2174378110349475,3.8990430946774683,3.94640201816847,3.453865221734419,3.743017124444123,3.733931436764,3.3207000151614663,3.682043583044827,3.672889909195579,3.8525747580593066,3.500750330974208,3.105293561737139,3.4750389740997316,3.8515985950741625,3.8504909429184386,3.6745737281483004,3.7984092996639625,3.8502011647653003,3.3620754815060603,3.825236875112748,3.8724502704384745,3.6744321201643944,3.6495998913884353,3.827790994469825,3.8479404923269165,3.776027686866134,3.7663907831181036,3.831168734114482
generation4,2.0,1.0,4.0,3.0,2.0,1.0,3.6695585994919537,3.7501075226653353,3.606990972247882,2.246703802440533,2.6344910829994297,3.9756718533385573,3.271676571511189,3.550264096137059,3.443933892334112,3.6053709072285276,2.6346103058783323,3.5866956769170835,3.599522680666358,3.9663478464652835,3.2230686155630854,3.2090400217893595,3.118892440096603,2.5929115199526898,3.5888750448989333,2.5350173164213308,3.7902432629532417,2.987925589023053,3.100442174833609,3.403803764296072,2.9251013575315197,3.865382141983622,3.2109811322780386,2.853583506323346,3.7970408239509963,3.1710475900249895,3.666079159570706,3.985354425247487
generation5,2.0,1.0,4.0,4.0,4.0,2.0,3.8617873838607064,3.900459185268365,3.9088331616423346,2.6696277957455714,2.99691197908069,3.9761764141137537,3.50124805720922,3.555094460140191,3.8117701759197797,3.500554277061471,3.22138334882945,3.6042949315652866,3.7270884224822254,3.840291267651473,3.7581147644480506,3.323476649636287,3.5499876645216766,2.3832319082211875,3.2091250374300917,2.940667162603654,3.555495607874249,3.351658531875392,3.2003207507731966,3.5999719754663078,3.1374146383342065,3.922084243301319,3.939343117042416,3.062690813559272,3.9112331213946745,3.2339723812745236,3.760167325819377,3.9517543223842493
generation6,2.0,1.0,3.0,3.0,4.0,2.0,3.709592803667638,3.730449577723073,3.911795842607932,2.881081871388431,2.946837293547098,3.03975030995998,3.9293657785157388,3.5297335908400482,3.6425604080903664,3.7522279699432417,2.5890357425407395,3.7887791022111523,3.6952569654989764,3.5197091199771355,3.710300318974171,2.976055645097114,3.528504723401746,3.1647620521315023,3.8280453776180123,2.7604487556134774,3.2667059991891576,3.5373207457653617,3.356698407846902,3.8301724056295487,3.598694857770073,3.541544307869065,3.3327769804688687,3.194698407623742,3.8193746985517976,3.665984123527607,3.8779746067299223,3.1676767353807285
generation7,1.0,4.0,4.0,2.0,4.0,4.0,3.7396956769391902,3.6544814828006302,3.9563549733150802,3.376785667553663,3.8307060692409793,3.745052089707558,3.858274794676055,3.6353372262084878,3.250349689350606,3.7949473027239193,3.084635751071198,3.8698475806378156,3.739314548707211,3.963986182341107,3.695460683190712,3.128294432509502,3.5139897874405777,3.507996228155975,3.8891648111793606,3.602386237715573,3.830749899090113,3.8929002897670375,3.602787680636628,3.450992853221059,3.858855977227585,3.7975842528999566,3.396307233076521,3.6590403105798077,3.8606806113049914,3.8389562115149394,3.782926246910384,3.9429754561158403
generation8,4.0,0.0,4.0,1.0,3.0,3.0,3.678123842705446,3.9534042906968447,3.970549537832439,3.2633349554983115,3.0599251577377786,3.9846298190445326,3.6365461364554634,3.8109855741025203,3.2679349635473116,3.972948614350957,3.612597185458683,3.696844968649778,3.669414376299692,3.9416520865472218,3.935383378023632,3.472950591701679,3.3994450002349748,3.6132852536064224,3.736747458901317,3.2002026978543303,3.965716272568079,3.656087490890079,3.0760983662388375,3.7935875028660555,3.313535998392858,3.978469971956353,3.8078509448355287,3.2145154854339943,3.8756827524597646,3.1876842860641705,3.9095241266802896,3.9903387184710994
generation9,4.0,2.0,3.0,0.0,2.0,3.0,3.031134174272427,3.7043752019548606,3.5294034479139094,2.657726547469613,2.933888674253256,3.0479469572646583,3.1589347581377334,3.515930812651896,3.1008974627417474,3.0209404346191033,2.9782907423556053,3.1622898726990076,3.1645831187955187,3.074653035209043,3.317704963425545,3.043198708531696,2.9448991531298763,2.9142475021552245,3.0369025262445306,2.990772763438384,3.0665955729000385,3.2283679441171547,2.856852502756811,3.3056178210835596,3.5334086099793764,3.1338746744834456,2.9573100665282857,3.0026071897840936,3.6902906321246154,3.074375898890553,3.401983928732027,3.00377206836301
generation10,0.0,0.0,4.0,2.0,0.0,2.0,3.739563267860072,3.868132753747486,3.587881889910875,2.5311420112609224,2.736420354157771,3.96513129617171,3.4964814828878126,3.3530484806010272,3.762520866478126,3.5692733207488248,2.6060050672152086,3.434846741277477,3.4111208517967047,3.9450768538529464,3.369253536685106,3.154266613127165,3.2606686739717263,2.739457148579724,3.4404784837535907,2.6164979172879104,3.902578873174316,3.2506685512597553,3.061899691532651,3.517827665311085,3.0464443785473234,3.7462201262205435,3.6250672289645034,2.9073330566752333,3.7738880817596874,3.2804878142042284,3.6567481056661055,3.977782563437856
generation11,0.0,1.0,4.0,4.0,4.0,2.0,3.3806935758839254,3.628772705855931,3.599789983832634,2.9282221717449515,3.05654456105963,3.814659725921067,3.9278841417866546,3.293835157612082,3.08784223761618,3.4808733457734924,3.0421688941087965,3.3457629510458573,2.85846563943299,3.3460734496917865,3.4435097209635077,2.9997867886653644,3.114675794707889,2.629295680082248,3.769130480434789,2.9527110839131328,3.129885124264135,3.174388163435145,3.1278925077579878,3.444601826534518,3.101450822966976,3.6955422234978785,3.8390134411002497,3.2046572992549662,3.478716731654204,3.264647970062658,3.227866989786602,3.724792813504825
generation12,1.0,1.0,3.0,1.0,4.0,2.0,3.1707631541054977,3.0509401644169616,3.1793449676712133,1.8984124007079484,2.8159552558808203,2.1617828611216394,2.8287761622758962,3.208956691230661,3.0056732417724357,2.95374613300612,2.8569555547882817,2.940568606417579,2.768847812405048,2.9224774662395387,2.9860618495046163,2.912686597308207,3.1202637652860554,2.115339333820688,2.9798594639553486,2.6457182112352,2.6713600091136405,2.671067480411361,3.0969498240282927,2.9063165896303063,2.5891080174506578,2.7694989490157584,2.936997044350673,2.672536537206937,2.582116049086637,3.026891656702068,2.6358196557515385,2.8073851260419973
generation13,4.0,0.0,2.0,0.0,1.0,1.0,1.4012631258554937,1.8914851676904791,1.981897716848125,1.1121345148914705,0.9202383173769445,1.961185619426079,1.9378981500897026,1.8632746883245388,1.228585248182833,1.9992561156595534,1.707568707489454,1.527883342744602,1.6642489692608484,1.8544075111438383,1.8343274731734576,2.2644146344352163,0.9020416781600443,2.520902960167416,1.5540714351762497,1.7600851532681072,1.9807195976406515,1.6097005328960245,0.3163543769326349,1.378724933995588,1.8631824318917303,1.8504393202623242,1.48010337461383,1.375810915001855,2.10176509519741,0.891127009567229,1.2160539541684865,1.9728368708413673
generation14,3.0,2.0,3.0,1.0,1.0,3.0,3.5606795732620427,3.3952326949928437,3.707051119157856,2.6078676347923517,3.033919090665482,3.2631736733711505,3.794136334273899,3.3755278142705407,3.2857157999335005,3.3577567349776847,2.796974520736958,3.589508134866932,3.5268425762878626,3.8922597086158435,3.68705359861077,2.9435324246506576,3.3142582231037228,2.633000898040436,3.663792006169022,3.2751560378468727,3.848658196464981,3.156156047319014,3.2800182175507175,3.3362472935833063,3.5758100160082145,3.9290447208082884,3.8161509627934493,3.06518981175962,3.43533300970202,3.4577075276830294,3.697943175991045,3.292397080435291
generation15,4.0,0.0,3.0,0.0,1.0,3.0,3.848493264125186,3.789323655262967,3.952601230743561,2.2920630763739553,2.144917817891894,3.7511441455138366,3.526448451421027,3.8939641777865415,3.764225487080579,3.899697374499844,3.837519651175019,3.9079106155198766,3.8673775346906725,3.852144832039305,3.930933462343153,3.8678666700561983,2.8943106797331017,3.1351075159866095,3.8447350987675746,3.086243591049255,3.7518403268972924,3.463070585975129,2.6916268118066764,3.702913954874028,3.0563730559818985,3.902666978472341,3.819769022602654,3.061332938240288,3.933466209603666,2.9888379101360516,3.914190073663973,3.4689152522413225
generation16,0.0,0.0,4.0,4.0,4.0,4.0,3.8153732393759547,3.83726725906325,3.8570446794360747,3.3880706643368623,3.468823520442829,3.9193502650121697,3.813665930170607,3.7712509654657977,3.8346415800018505,3.916011619473314,3.459976254405763,3.760011920920822,3.8617937930991744,3.7010527693088537,3.791207742358309,3.2548509528241696,3.8517666225472382,3.4619543397617365,3.871007319258407,3.7503439619241177,3.944010060778861,3.9231340066861087,3.8576220709369036,3.8136772813976503,3.8704704188936456,3.976544791723245,3.499565886990736,3.689924738397649,3.865210261720804,3.831542930742037,3.8937236129672415,3.886614133967322
generation17,2.0,1.0,2.0,0.0,0.0,2.0,2.6760555063094316,2.476521162630345,2.9323152071698644,2.101313020292498,3.4751343365172493,1.9953613541850073,2.9798342793964676,2.739302364951134,2.729775750688824,2.403663364252325,2.137324014170612,2.6920956929417357,2.809654501160505,2.2493014744844317,2.338901740002996,2.1215868096160038,2.5845722672376668,2.499224671887964,2.8341903585493955,3.4930018298948506,2.2828794664021155,2.8934164862412626,2.6477007084802278,2.8361537145468807,3.5270902155776596,2.401213782388195,2.3186348656754365,2.4882581673573596,2.9332642187681532,2.755322762515966,2.4553348658838954,1.9989730140502164
generation18,1.0,1.0,4.0,2.0,4.0,4.0,3.491256683415102,3.638533931862943,3.9047500603858065,3.292980293671666,3.2455696998647237,3.974945028653706,3.902083444318718,3.494874133145266,3.555551064770088,3.6952029210914588,3.5075009106117325,3.577246199606237,3.5863377792413176,3.752635090897683,3.703953391125003,3.3026067645117356,3.6905825792920663,3.450872083173378,3.8279550184916613,3.6277457423585435,3.9046496240888637,3.7532298248882476,3.3944013215076327,3.840278637179881,3.5464196776092205,3.9460483288520947,3.9680499339023783,3.6553045481719617,3.8515947911257347,3.6305082709366006,3.9100418934362353,3.9707453446794583
generation19,3.0,0.0,4.0,0.0,2.0,4.0,3.9506115988628583,3.9273942128323274,3.9094665880597073,3.209149205119671,3.609606566023957,3.9841783050177964,3.6781942673975863,3.739532962428222,3.9738679257548775,3.9039795762172993,3.5457970527149714,3.7288358587075487,3.879925741463326,3.972993244027045,3.8242444784573872,3.334864394387332,3.4957699999200686,3.06091402005303,3.866833085882235,3.605446650316162,3.8636192941073646,3.558820205232984,3.307773196883364,3.9314723590255687,3.7095793987268295,3.977604831832287,3.8936106430504744,3.4547409986204416,3.9449280233424173,3.3337762215318767,3.9432521204564415,3.974835872352207
generation20,2.0,0.0,2.0,0.0,2.0,0.0,2.757797386607848,2.648146734155002,3.4897310710709943,1.8358461527629648,1.9843149866549912,2.2104055388967225,2.6974284618059676,3.0414546619223546,2.861986700414456,2.733670140499141,2.523993376007347,2.6512044010646316,2.9933626390611847,2.72121206858959,2.8207937763024082,2.6825064842827584,2.5158862468319585,2.143640877075857,3.1683735916809854,1.707756218948613,2.4097236504110287,2.930123605049063,2.26087750002088,3.081361476972811,2.1486461620426796,2.638631098467406,2.1720692140406195,2.0165905458664923,3.5702551198798376,2.215638029803704,3.014341660148623,2.40661565227411
generation21,4.0,2.0,3.0,0.0,2.0,3.0,3.6343389180553314,3.458683067572651,3.6398214822613535,2.900184714156093,2.938899628531343,3.0223231177302545,3.301884420580597,3.3611323746434607,3.5284311702573317,3.2259287396637886,3.4406311628420334,3.3885878176031183,3.152819447659001,3.078781539117403,3.580177175735716,3.3053266930058207,3.251132930773463,3.2428286491157663,3.528985823795458,2.9453035539778853,3.2630539680219046,3.550424961480775,3.0207307621729353,3.556183723055069,3.066850298795525,3.4405799521527745,3.1199831221273966,3.097707235460308,3.6593503274252215,3.163602512739628,3.6777420678472366,3.2564449643370925
generation22,4.0,0.0,4.0,3.0,4.0,3.0,3.87608863911048,3.779378550307513,3.824965667552748,3.1128622634591263,3.645261165681104,3.9617928344853595,3.4296724280175166,3.715043646839404,3.731804580313757,3.8332455973975725,3.1337823911448712,3.503930203613097,3.328347227186132,3.951313676950735,3.8557766351205034,3.20435271941003,3.5551647751550632,3.0362052100083945,3.8096308827748597,3.159792189926761,3.66264066025716,3.607329927737233,3.1165912387768238,3.5049066122053647,2.6833981966003346,3.6755601986226702,3.5202773954389026,3.6501336472224,3.310622579513051,3.375363489289107,3.8903852930017164,3.8528314045482914
generation23,4.0,4.0,4.0,1.0,4.0,4.0,3.9190524592707425,3.913616363791816,3.9646919268390763,3.9593814375468046,3.800492983373159,3.9894757960551286,3.9498227834682877,3.8960227353991224,3.87179672652267,3.9139348430550407,3.5543262060903538,3.658971588176581,3.750065344712288,3.86923448631328,3.74461443119652,3.3691190353115945,3.739551754927623,3.902369472252313,3.7177157954628957,3.9754486227602266,3.949985520533605,3.9213544556682707,3.907186251119831,3.9420447305633086,3.9491439952968603,3.9677332609563405,3.5089057375482584,3.893553747923436,3.9907617201570624,3.7016733129470913,3.9793539267106275,3.9721608480275523
generation24,1.0,1.0,2.0,0.0,2.0,1.0,2.8512395082574185,2.8195240902113428,3.1810387571909944,2.375649109845329,2.896826877984998,2.2890796071169617,3.8020424543450315,3.3395491939930166,2.5398518385568147,2.7520913781396117,2.464670898634682,3.105050541943381,3.065280877203756,2.7691678321227884,2.8486356714541876,2.538447934383542,2.830848489653758,2.7430272175809964,3.1040018769966298,2.33569183387284,2.6653305080405785,2.9781108758797465,2.65812282471987,3.001793589461605,2.9196601883941558,2.641425097453557,2.785243803527513,2.5915591576282555,2.9738895192587256,2.859884445783226,3.0662153693904224,2.1641202747416837
generation25,2.0,2.0,3.0,1.0,2.0,3.0,2.4930389406982476,2.562494884060643,2.714166021618056,2.7185326455965537,2.786022229668783,2.961810566329323,2.8908523662665373,2.6546525755782904,2.321570543862202,2.6773391241500306,2.466381099849262,2.467379222756332,2.5834768648297137,2.910565103488932,2.5997847433732333,2.710485623138539,2.40830521840151,2.8798493098354108,2.5712867525463725,2.714061618846669,2.8568049068387804,2.5265139442299436,2.3893939617984334,2.4550393888211284,3.2430370731180234,2.708749029313242,2.4358274469436236,2.6745167376709373,2.7834127597629204,2.2266870328982646,2.669537246060618,2.968673168959525
generation26,1.0,0.0,3.0,4.0,4.0,3.0,3.3891333547427918,3.535957472980804,3.5270129121149374,2.967582847103466,3.1570325704653066,2.979083044429632,3.6423534741417654,3.3791826920999517,3.4090877431396827,3.240966455951767,2.9398047898771895,3.6541744697371557,3.575928765496115,3.360422273579549,3.3031858322283267,2.9533698276579403,3.0449683334683,2.974032708679158,3.370990626770161,3.1335401786757813,3.229649177146849,3.0870557394559706,3.234152163349456,3.2922576482081474,3.4569265518283636,3.177168098899235,3.27076549842058,3.2196570657856727,3.698438772152293,3.193502060710832,3.471243879308696,2.989040680715355
generation27,1.0,1.0,2.0,1.0,4.0,4.0,3.2775407914375534,2.670133290027275,3.3364412345939742,3.7852126760934084,2.9573133000855485,2.1152127124239954,3.613644512516492,3.371750658017653,3.0935215024879312,2.529375740698927,2.196159655404771,3.243353827820423,3.198530233255334,2.210104782497806,3.153464882203117,2.2208515031128466,3.1020953843085293,3.791026057255512,3.3911898874907704,3.0662085781982085,2.424835905557583,3.286573143377748,3.040603731590921,3.2058843292586614,3.224387699953566,2.3084578908442226,2.5272052487124053,3.833062724322421,3.4553758723640415,3.167511603624616,3.0644623674694524,2.1675277874365166
generation28,3.0,0.0,4.0,1.0,3.0,4.0,3.5322980693939847,3.6812809232621717,3.8412064084946147,3.6413173008090753,3.3453208452525542,3.992949141181373,3.8838693058183082,3.598297013810095,3.528110941274922,3.86362232066837,3.6405942290460023,3.700101836369507,3.594844726164818,3.980783443791986,3.829953886897112,3.6999150027867493,3.2176631455884714,3.416907511374402,3.75919046096547,3.462408423874866,3.949900753257592,3.533208551910678,3.1808138492933993,3.81046797390831,3.9582499074861324,3.9458123558340636,3.7980423613333927,3.7369659481304285,3.9467264069263925,3.2829417303563364,3.870973460851259,3.984000919330707
generation29,4.0,4.0,4.0,0.0,3.0,3.0,3.6351030672438305,3.6404278610209326,3.8333923186668706,3.306618843527179,3.477287479067396,3.976274046757177,3.9218452787416105,3.7460003531388404,3.418687894081731,3.712411899541536,3.4846556612005783,3.7093439020385306,3.6368397820697065,3.91638491143722,3.5810303506189003,3.487621162699096,3.4564451700937404,3.70600575144611,3.6530895625637205,3.127187549422912,3.7685362427000113,3.6349266105405147,3.662018991333523,3.5760941927592134,3.5731903136021628,3.6513805266987687,3.561712068978146,3.511663045514443,3.832875417601309,3.5411415987375103,3.8042187140369297,3.9668720200527052
generation30,0.0,1.0,4.0,0.0,3.0,3.0,3.5555669240733603,3.6578611015844342,3.687338925843875,2.4017468673905977,3.142139148983411,3.98670510512258,3.242465224456105,3.74068779419598,3.426641276743183,3.6212152038371825,3.2496602293187884,3.631653676220952,3.065829992440996,3.8762759527464,3.5368741604014713,3.22356270847323,3.5324635075389748,3.2469973673271393,3.2193662486215087,3.6316666440746634,3.9524109114158144,3.025253958790363,3.1021223101998268,3.7915698060776357,3.7502358025859013,3.9202471789383666,3.4280527572397275,3.290807436384843,3.7526437556544137,3.534013678875776,3.8577750591939455,3.969160363962337
generation31,2.0,3.0,2.0,2.0,2.0,3.0,3.213139725024289,3.14063319412828,3.4653613653961606,2.4468053899289424,2.9570165390039604,2.8094618124235375,3.4609042007277124,3.3940566617047594,3.0951301286907547,3.0324536642012054,2.731440311842327,3.1049088208545235,3.1679370684085666,2.9907126528270593,3.058519509841133,2.870792194926363,2.9512396961511955,2.8071375763149877,3.224907147642205,3.0486598096592092,2.92890625965721,3.019341756090771,3.0083296592102844,3.1589484769645337,3.379595067623557,2.9138847219485218,2.9601547927735834,2.935964946159543,3.2906673426042263,3.162394388951556,3.294293827440143,2.7514899597722375
generation32,3.0,0.0,4.0,1.0,4.0,3.0,3.8868697974290876,3.9262312629913656,3.86377371615318,2.7474354875139455,2.9705088195508362,3.9696533053146172,3.2993301440494736,3.883440188562887,3.8089194086244316,3.9407095858320056,3.706687984333171,3.7932358929820786,3.758735554699105,3.9921563891620746,3.9284479831687116,3.83525494981872,3.2306389306473133,3.0007168243245896,3.880821360205782,2.976731166329996,3.985254320267212,3.412538140866831,3.1488428477972206,3.733794392526643,3.0880125960038036,3.9798931233535715,3.8435026578078,2.8581897642738157,3.843754174643212,3.413965649383407,3.947246947003694,3.962662308839486
generation33,3.0,3.0,4.0,0.0,4.0,4.0,3.59446699324633,3.633678163322633,3.582510050870583,3.147447512959047,3.100987309574342,3.782828017467831,3.24754891823565,3.6504125264429215,3.5188357993455557,3.6142507264450026,3.251842922843621,3.4170087298226495,3.2747186851573105,3.8131706186906476,3.409678687998304,3.305946981018924,3.155221559431848,3.512220562854144,3.169054732308978,3.5529604795240814,3.77346910195006,3.5142444847433065,3.2953885797027977,3.4477220040470145,3.6278653597479122,3.8788132154255512,3.3474085766502997,3.1935186144120484,3.913169813515333,3.2921488264498824,3.699023107359301,3.9545183347369672
generation34,2.0,2.0,1.0,3.0,2.0,1.0,3.0245264895945194,2.7734604005617487,3.5832196932026767,2.370889690442587,2.657568044176803,2.466845857304396,3.256400589679767,3.3217265771981443,2.9979533232235442,2.833707909728307,2.1548167390581856,2.86372829258831,3.2703304385675938,2.3461610703571036,2.9103241293661997,2.2442346771434964,2.9782956149202686,2.36598028594755,3.3203185675280658,2.5720770857753634,2.446927828345929,3.1146569096193772,2.914309504982685,3.0974684485967714,2.955238715115885,2.794011715785953,2.9137984059936657,2.7562312705915137,3.321929853754208,2.879612453826385,3.1909405843588967,2.2471360714513766
generation35,3.0,0.0,2.0,0.0,1.0,4.0,2.914062809259138,2.694729978078644,2.7965560247354,2.766782727256743,3.266718171871114,2.3315410046935945,2.9845327219135047,2.8614508938095105,2.7178327315959607,2.56787261440303,2.765818549664759,2.78675506749566,2.7491062488875686,2.5627106126707067,2.79172740820244,3.0617085094625143,2.8533443473852746,3.0140035852395544,2.860315975191312,3.3738515963114635,2.6939807358190593,2.744310082161785,2.8386118400118927,2.8050036605018347,3.0890615484687256,2.9584519938179987,2.719332322908928,3.1040622564452716,3.14866874777482,2.7931899258315713,2.8968919768843815,2.430450094223322
generation36,3.0,3.0,3.0,1.0,4.0,3.0,3.36082282860657,3.3225068221438123,3.7470280077264575,3.053781754316268,3.088413847536011,2.985891266731205,3.6558390908937413,3.4491951601428745,3.299145624402007,3.400753880330337,3.111419794641924,3.014603651427233,3.427243730270978,3.5810768433958295,3.2797930909776634,3.080013794067364,3.0026492637271502,3.172506994522408,3.648423037388309,3.1076417881564944,3.1525993579568774,3.597345539363314,3.078600066832137,3.298118951148919,3.1822984689544436,3.27569566755819,3.0903891385432796,3.1205248858384222,3.7685000862146687,3.1382804086347678,3.6367420447486203,3.0953646672839845
generation37,1.0,2.0,4.0,3.0,3.0,1.0,3.897349923702121,3.7077720957113764,3.9423853311615513,2.9799271407834147,3.0517492008947507,3.9829816320562528,3.9397559168977967,3.8588155571817544,3.167777408717635,3.8887012011228,2.9086788495145304,3.8672099303494947,3.48295006503706,3.955241088207661,3.879919861956562,3.057682809736022,3.3875799124765265,2.4164600804373415,3.9255230419090434,2.5876031431671227,3.980511881478086,3.796805974275231,3.2422260220939174,3.7978583910065487,3.503943402960674,3.981852893286025,3.8543719296155015,3.2673221989321752,3.899831566049121,3.657470877424534,3.960917930704878,3.983427056929088
generation38,2.0,3.0,3.0,0.0,3.0,4.0,3.3102557707726805,2.944830590288854,3.558743116769933,2.988377352425705,3.3332193894550755,2.9878490952108936,3.747808845082612,3.2802471201231467,3.1712659812516213,3.5871429072304917,3.3548448575917877,3.672007858844013,3.102606882584953,3.1469410811064895,3.6737582813730327,3.805942870175485,3.1724275238383677,3.229833482252817,2.7023440488538384,3.675932870293107,3.375142545518089,3.1067801237437513,3.03213670474252,3.617603245684568,3.3028463456784065,3.3347518982866857,3.0072117355900523,2.925111943944923,3.097389948651118,3.031323672334513,3.4731213296829893,2.9946615305970714
generation39,1.0,1.0,3.0,2.0,3.0,1.0,3.4237842052655627,3.588364035822327,3.8371785357450556,2.554247877872316,2.8621240871782345,3.1610499908958065,3.3515150653847265,3.691546512554513,3.3279733760531007,3.5349691629143782,2.7065237124546475,3.7600883402935636,3.170602013925144,3.5214940076351815,3.6513360006224542,2.867004601234334,3.3469826034697414,2.4398343155850206,3.7456357070311257,2.644513966811598,3.177654884055571,3.1026724456999095,3.134070995013344,3.6420814841664044,2.9167887872500535,3.3325566565561955,3.533665836559819,3.017802102171725,3.6459304960269447,3.400074000844521,3.872270076078281,3.1954984138777665
generation40,2.0,0.0,3.0,0.0,4.0,4.0,3.369183219257132,3.3392151767772402,3.4259451858534367,2.9423535461742056,3.622947526698597,2.897599394685103,3.81284728171317,3.2767685626057648,3.0391467345052754,3.350789636492551,2.8077725395470616,3.0332568486485347,3.041602774740574,2.9621335451671365,3.091629598524667,3.12041794726403,3.1582186463690722,3.0071734265899885,3.520652076086516,3.658794144466969,3.0350567768600465,3.3836580662165296,3.8127700029620475,3.7219561031218737,3.7834399185180354,3.030577129876494,2.944172794816109,3.186673590484698,3.8310359661934843,3.60061377321151,3.213480946553421,2.9703869788585853
generation41,4.0,3.0,3.0,2.0,3.0,4.0,3.568446692753773,3.5172853781976468,3.5059078174963756,3.9148745692016527,3.399770398336049,3.027698433033575,3.914411059294917,3.644931134841346,3.230468496878122,3.3428564314515006,3.507687587296168,3.2905552394056943,3.6942901199307463,3.177993859158515,3.552204051454453,3.5109005937908697,3.1088913275604875,3.9643058784135072,3.461924241070599,3.6837212931675447,3.047043588373126,3.789838881400796,3.088470644953377,3.4341770746636167,3.863419616319365,3.1149036093502875,3.0475083074607623,3.9406821200372737,3.722877699542916,3.085931816646724,3.425316779324276,3.0559177435682052
generation42,1.0,1.0,0.0,3.0,2.0,2.0,2.6107171617340725,2.539928154731964,3.178480941000491,2.4187631049047766,2.3244877840546803,1.6395056913479866,3.3637158056740195,2.936648843374228,2.1923978843188316,1.803522525393636,2.0058966348854996,2.6818319616448467,2.293931152274082,1.9589702238262112,2.8236116500823507,1.914419076345451,2.8948073681724824,1.9967898683755692,2.873058309994482,2.4121985008202786,2.308393453115009,2.590636410278923,2.7615210890726947,2.7968149709073784,3.051721846340686,2.346285086201725,2.5297697956689276,2.754783204345583,2.853776726143727,2.9253644943974617,3.0440748410676792,2.2377190549606705
generation43,4.0,2.0,4.0,0.0,3.0,3.0,3.8096341910517135,3.885951109481848,3.9168544944131956,3.1593851628962426,2.961010246676768,3.976594550467179,3.448081301814117,3.828278040553612,3.852831725491732,3.9288489750168876,3.6135451237885996,3.895363304664178,3.6001638994503873,3.9620403769338544,3.959556123548882,3.678686479312294,3.166572558527938,3.258409827856348,3.768627667328478,2.9950330601933195,3.9704020023027864,3.4594879632113487,3.042171340926306,3.7791697757621856,3.1941239386908404,3.9605379723602243,3.8482818372968297,3.2259023544781935,3.889856604998409,3.2311272320442725,3.8996516213768255,3.9788816507521383
generation44,4.0,3.0,2.0,2.0,2.0,1.0,2.902808672097259,3.021425368841027,3.001060334976974,2.568798774790757,2.9712264799864365,2.688090005235029,3.302976073708936,3.1946139607800617,2.786854362108282,2.9708633521469054,2.755967621235048,3.087426171157705,3.165237601907721,3.1020429451002873,3.028690193392645,2.7316720987683962,2.8754206088589775,2.8860029425759564,2.962166305782075,2.8857731580765553,2.9092224648547025,3.1349203005342607,2.8473998677563848,2.8522220572868995,2.90385126026762,2.8900589294594874,2.797823025391551,2.937840331586612,3.0479643956827895,2.99767151940759,2.9520671036397133,2.9337229420660185
generation45,4.0,4.0,4.0,0.0,4.0,4.0,3.692605951250117,3.6860212082133845,3.6514417861237582,3.8036549279036977,3.5116695656493655,3.740071638786696,3.9381345028486665,3.5252787934623755,3.5413180901214414,3.4543259941920055,3.5822375069330374,3.556281002814793,3.8202173128186687,3.7589217222267006,3.4438002453408556,3.491802152200677,3.3746429813307564,3.7255570637131643,3.2655636426128947,3.7624374865480927,3.880579016726837,3.837061544315431,3.528056787600225,3.750755962396707,3.863041964528996,3.517099749657684,3.6857922008252593,3.8694365947122664,3.954575542654559,3.706969791682637,3.645049683911894,3.6701527497939685
generation46,2.0,1.0,3.0,3.0,1.0,2.0,2.9606536441151414,3.038594016577982,3.049686618481522,2.0893531949389024,2.5855822615196424,2.968488554607727,2.9430564883024855,3.2230330590254095,3.0249213084379156,2.938113746392092,2.3994267080119327,3.35811490125135,3.0437639607457108,3.01612995105651,3.242323507841688,2.676273486084528,2.7921820346399424,2.2336992209345707,3.0280599166680404,2.377797910981465,2.9584423091896217,2.979827010006165,2.9867478001255763,3.0814824953911097,2.781069756915659,2.9970932559510013,2.987976670589212,2.6750709452274966,3.065947656597654,3.19972087341875,3.210501310169602,2.990514683562165
generation47,2.0,4.0,4.0,2.0,4.0,4.0,3.567770208259145,3.4732909761224935,3.867252116377011,2.8936812036460973,3.0715423047842636,3.8301080895091264,3.647290138815202,3.740878370445842,3.4442691883630916,3.600789032803033,3.177679273832222,3.623030438304181,3.579244152147295,3.751543403239986,3.801710320094144,3.2476350659681543,3.425185033872941,2.9576209759792675,3.7720891660378015,3.4202829143977493,3.6228436343358306,3.4002519140608465,3.271684705082317,3.8965940455324666,3.2508208640403904,3.8035961568937724,3.4809686150201715,3.296409232540475,3.8749793136986983,3.5871640628069716,3.5366170690448784,3.8492115613717512
generation48,4.0,4.0,4.0,1.0,4.0,4.0,3.709547918896172,3.7761391791574903,3.8596092735631244,3.82149596054991,3.8639471701947006,3.9379856082921165,3.8463666653371327,3.9082648113828107,3.732256672705123,3.759149502492049,3.825863654389177,3.628370296945071,3.668110111005922,3.955082369367045,3.782810968938951,3.8417312566961677,3.5264090082111834,3.955895407458173,3.922617591790646,3.985991428160257,3.947554011277076,3.9804533124273465,3.869076344139647,3.86408892711481,3.9249499306172138,3.9300827609824722,3.321757292096565,3.881991087739604,3.955610184607266,3.764374414760928,3.9444765314351065,3.9838554836873032
generation49,2.0,0.0,4.0,1.0,4.0,4.0,3.645582400065694,3.582058640955693,3.7371644684728453,3.956017180131485,3.1060963274960187,3.913175063020418,3.6291620322023688,3.61778947073352,3.445534304657608,3.5137943608538382,3.3216348485934075,3.64404202912242,3.6003978675154085,3.5551475472536036,3.5673188443465276,3.388696782524835,3.282520885027938,3.964575857759379,3.7512753319119385,3.699673526676675,3.828350552029848,3.4918076823234614,3.045547697771117,3.5296418874636695,3.793445647663697,3.8272011901531044,3.537656549111235,3.9240726137814805,3.7318134083564103,3.2508548658597545,3.690381528918085,3.972425740539158
generation50,2.0,2.0,3.0,3.0,4.0,2.0,3.417068304444343,2.9682718592833135,3.491422787529084,2.5129962554811787,2.927600541564375,3.1618348484304852,3.32007396087566,3.248170593680904,3.165152761101779,3.398245816378707,3.1346077219677193,3.3070414468601097,3.5182001064426034,3.0862452435513945,3.1247618677737194,2.8775189449175826,3.110682062075581,2.6005236738517623,3.356462976344099,2.4338041510325077,3.2394205751790035,2.945497744428704,3.0211785578693537,3.1723871019859,2.900371359287714,3.4769258407234367,3.189194785058638,3.153383395838066,3.204504963710048,2.8808808974519438,3.3139780710484317,3.123834422494595
generation51,4.0,4.0,4.0,1.0,2.0,4.0,3.640278993880825,3.624372163147303,3.639193707213371,3.447379092827657,3.3485711796209716,3.742654285333386,3.9237875393396817,3.6304722447266813,3.598824806950123,3.4827022147951308,3.2589723634949532,3.596681183567806,3.7267918075441826,3.766566443710526,3.7312026348459435,3.125070203310735,3.3947785170141698,3.7152303548422925,3.761930774938999,3.7498477339698795,3.8217907621773306,3.6954980984901447,3.195104384464631,3.7052900571583147,3.7934360071990896,3.708570253982874,3.382695560359538,3.7451411383774955,3.8694536257814622,3.3991239515701466,3.8925930565449267,3.8093216029605554
generation52,3.0,2.0,4.0,1.0,3.0,2.0,3.4888992120445654,3.7917683169134953,3.347626997096804,2.6887608030947154,2.917694209292396,3.9476528909130253,3.3804574118136617,3.336591553690774,3.6550423493133812,3.688713416907426,3.0440224745572206,3.395884306358695,3.2985784966781284,3.950015110504539,3.7382356880755383,3.0771299318135785,3.049728202355235,3.120930551290638,3.3982054106396635,2.8062409196262146,3.949055876786258,3.2318648080649712,2.9697818867948005,3.525906154548412,3.054501641301678,3.924778632405093,3.731579540371719,3.1083461796040948,3.6377163855172405,3.115629126226708,3.6974220173897705,3.951088848912952
generation53,3.0,1.0,2.0,2.0,3.0,3.0,3.4038115906046573,3.29735796093,3.257058859595814,2.9999260078478724,3.3464293537295196,2.292165082828428,3.68876090534147,3.4259186113514377,3.4973577502070152,2.9169014450463595,2.8879424148039403,3.362301792633435,3.5719943692972396,2.797613039130897,3.1737641345375596,3.079117767550985,2.7172768653073174,3.1113983320384193,3.189873466608209,3.2595182327314625,3.0335257387239856,3.2585701107972382,3.257939183882749,3.504822819233532,3.367544494508595,3.0063934109815724,3.1456672124344824,3.4264358950471254,3.7138371650292035,3.0274630027628944,3.428746758192521,2.4191560811604242
generation54,2.0,1.0,3.0,1.0,3.0,3.0,3.072307576180355,3.121799402878531,3.1576393789074606,2.6768379674173293,3.202874222159526,3.2044569508920993,3.170018201465285,3.3803144614577048,2.934752582526257,3.133557664935709,3.017753560156769,3.1238602487108045,3.1371422042384673,3.2260051523378697,3.0505771756816245,3.148636540237551,2.8124285344007967,2.815447420962658,3.1537632017949155,3.910387285648001,2.9715704642826073,3.2474575850933944,3.017904095383058,3.2111210036999003,3.92457892318347,3.1953733253746903,2.9962427024950467,2.921959028597783,3.251950116731945,3.0284452796636274,3.13046811524618,3.0143096012216772
generation55,3.0,2.0,4.0,0.0,4.0,4.0,3.9279432032382307,3.901180413745548,3.957444687702226,3.1124461500405456,3.451834153275322,3.9916625853739895,3.8635091756903455,3.96726787255968,3.8084563398937146,3.932334811810583,3.8940057038042224,3.898222291781182,3.940578761545325,3.954047047079077,3.879942303922581,3.7357158120047385,3.753985742835496,3.641043603739052,3.970822599355064,3.917206495440868,3.995398949434536,3.8904125926931443,3.482287087988398,3.9815141127742026,3.9342117110938264,3.9943717309498026,3.8592240286672608,3.6923068204234193,3.9569232373722647,3.8330235701664663,3.9922049853925325,3.9965864416803227
generation56,2.0,1.0,2.0,4.0,3.0,2.0,3.029379684587974,2.915509787258864,3.3458874889737897,2.411378025083212,2.7839745483478815,2.4181712190105933,3.4464108173160275,3.3960090493980823,3.1422606905724018,2.9397501148173366,2.5222888060880244,2.8710176342966505,2.6991677255507676,2.810790444790226,2.89353422267962,2.510820105652735,3.0028652196866097,2.3518233779201765,3.121766906315972,2.8301405180768313,2.9552781784620064,2.92427868815873,3.002348357984098,2.8016269331196093,2.7443888246711055,3.054281257443264,2.975251454823263,2.7855590680345808,3.0728620703270817,3.0696621809050604,3.1819224325746736,2.7929702980914417
generation57,2.0,2.0,4.0,2.0,1.0,3.0,3.0924269526503063,3.67303391779907,3.630593018969852,3.207231699309771,2.862004633922852,3.9591802416925126,3.356495196329235,3.5502655242122256,2.886144663226925,3.495023498602277,2.9095625559140035,3.42982581517707,3.2586139571136963,3.7393746844864597,3.3967448188008103,2.6280737334303796,3.110626939249156,3.3634952110596577,3.3706302657722715,2.7029375130457995,3.7969478658357794,3.610078416825719,3.1602755052003926,3.4760940414016335,2.986980152052202,3.833075556584702,3.2767406372257497,2.6815920236868234,3.5048784399893607,3.00215466645747,3.7509669441114295,3.9293614385787614
generation58,2.0,2.0,4.0,0.0,4.0,2.0,3.744922444620704,3.7970963895347993,3.8926294824056717,3.713942734957553,2.870326804336418,3.9815326904673456,3.8908893579563673,3.9048494395606577,3.5142685101915463,3.909614753537899,3.0512954368116505,3.79578962469135,3.74189958657901,3.9282912421633087,3.7428478665333524,3.3999918951878643,3.348528654255778,3.570542011479947,3.8214758316239137,3.2876856861336092,3.674907950937692,3.4044478013173594,3.391454345463707,3.787002357950907,3.279238043337088,3.829022784587493,3.6865338085857653,3.7350347901702827,3.811805209368321,3.6685189002230443,3.9468330785238135,3.967558107603923
generation59,2.0,0.0,2.0,1.0,2.0,3.0,2.932992960757581,2.9288069455195567,2.8512946248829394,3.7722853486230354,2.8385712544700796,2.400580082824425,3.771529060615885,3.1932875918769,2.9214632779231526,2.5256798320437723,2.5045828761528326,2.827269318427963,2.9543886129980046,2.914759733665151,2.857885423583149,2.63391722024052,2.94283811648042,3.8769319337722385,2.9347207349213282,2.986091404299505,2.7815159489857906,2.8636214289856476,2.8980416098573643,3.0497380525790208,3.0759917336299756,2.862870487093972,2.780739147362025,2.845821395233975,3.196300221485667,3.0134182226043245,3.236692840368303,2.1668981805992975
generation60,2.0,0.0,2.0,1.0,1.0,2.0,3.1014329297395444,3.018731554102501,3.319671528730523,2.0853721088363266,2.592066732561437,2.9491446503193295,3.0005515002575427,3.2032116938783397,3.066829702396767,3.0050747860748004,2.3726838589192565,3.0790260326441774,2.8782551260802496,3.0435633666924007,2.97657739361112,2.4635120562798227,3.158141185689721,2.4830317333678638,3.1376265470973412,2.253292486539876,2.8670759331132647,2.9287093023639263,3.227631206854059,3.2103963484353146,2.7313767805990263,2.865450284678589,2.678645573859854,2.674218639515788,3.069767848260628,3.3313176416262684,3.1797660346808714,2.6944776299972917
generation61,2.0,3.0,4.0,1.0,4.0,4.0,3.7279194920893004,3.7469392264315866,3.8202747749458013,3.8697307688028078,3.4232483614496396,3.9687481107718963,3.878872432159913,3.510598903868542,3.6679146939732408,3.623891892490452,3.0715140690734675,3.5030663777748012,3.780844864310006,3.893971003525631,3.5639039184071306,3.423510060562967,3.3911287858331542,3.9089254822760084,3.5682627554633752,3.7351382339805728,3.9510144413716035,3.873864984715094,3.351785535221152,3.6421240647324975,3.941928129870128,3.802363873956352,3.7045854330929053,3.929781337931612,3.890973102173571,3.409313086313482,3.813747088338134,3.9724305112756606
generation62,1.0,2.0,3.0,2.0,1.0,2.0,3.502787304629192,3.59620730008326,3.749307691397762,2.836241627506548,2.725682414272538,3.3236922134884326,3.4946771355941806,3.6642157105686395,3.389650526092336,3.5014277815689576,2.431661120462515,3.514523648777557,3.5199497307662626,3.7483918000954057,3.4563212779098196,2.7615328861750092,3.260896582623867,2.2008905399588303,3.736427546436273,2.4461256029124954,3.3761740145396155,3.2221200689377927,3.5083993775665285,3.7664192835485406,3.031372669753443,3.5275332010522633,3.5710477452384,2.9363569362938806,3.435451727392324,3.563949121316439,3.796374241669585,3.06432272363706
generation63,3.0,4.0,4.0,0.0,4.0,4.0,3.9623419834687303,3.9721951329439706,3.9658154916418162,3.339691098443953,3.919034620761347,3.9883440116099393,3.809463954908578,3.8144731933966023,3.9163049307817954,3.957244110377097,3.77855504090018,3.9815435622876447,3.9562061447983483,3.9590942387271446,3.8741607835132945,3.655904343977355,3.7813763125090856,3.7015713960349985,3.9482778442425523,3.7920359915628308,3.9870592980167934,3.7946500872193436,3.8884410599225294,3.9504510803760464,3.7674108283597554,3.986111778442872,3.878632637639965,3.9051572424889143,3.9378889095615266,3.767587070459067,3.983372482008938,3.9809513856723844
generation64,3.0,3.0,4.0,3.0,4.0,3.0,3.9037376680663325,3.7988697438372188,3.8915798542961904,3.2043748250602553,3.775848511411679,3.9892853120120795,3.9454857606758647,3.9489490953675506,3.913295489380766,3.8328769495331607,3.1845870467337205,3.8842921712938185,3.89328777275842,3.9761493048100065,3.907045549329779,3.137232091088784,3.7237842294656627,3.222857628577251,3.9429769053931794,3.6321222006612315,3.819141831430509,3.913038431924603,3.650807193355913,3.691452439323622,3.769646198100777,3.971635714059024,3.6671643448470954,3.3848914124283276,3.7956277948337465,3.7867219901521105,3.786424888676065,3.974357213445312
generation65,3.0,0.0,2.0,1.0,2.0,2.0,3.051713410071404,3.2329141922992775,3.267192073771772,2.2919850286955685,2.2673662539854083,2.3748280828018484,3.5778036474240396,2.9204779694111305,3.1490686946953614,3.078851847604422,2.394744770245864,2.9177033565079586,3.2080194125521,3.0632187447824126,3.227581584441743,2.7001557227125423,3.0548322062790523,2.1851710362145598,3.296231639490002,2.1322279850286194,2.669940577740597,3.0490252798461013,2.9569001060130295,3.245071917109945,2.62192787038279,2.995944810608681,2.6043552141314494,2.4700817904767787,3.801750570998248,2.977922133843778,3.3102467117943566,2.4876967056507833
generation66,3.0,0.0,4.0,1.0,3.0,2.0,3.707810736792723,3.6532075597753035,3.858100374330532,2.7351776597105513,3.154918554395587,3.99266357778551,3.2227044535051843,3.6654757184384117,3.243555366569287,3.9270244848148845,3.2054988263374535,3.8295611293485283,3.8000332474655503,3.9839929908877836,3.365432383027743,3.1141865542685614,3.196904018204187,2.513540651576057,3.83603236383746,2.864830004621594,3.971125411219429,3.3482537739879668,3.1858145382777527,3.835613687659188,3.2344480025629245,3.9705449029023243,3.7094981498868336,3.12595196096927,3.863401037794062,3.1674365563821616,3.863008513957842,3.9901133612611863
generation67,2.0,1.0,4.0,2.0,2.0,1.0,3.232229791513767,3.4417458516387365,3.419317246471573,2.5485438850037165,2.6383290856547332,3.963351355424073,3.1534152160842503,3.403363012463075,3.3411096278846366,3.503444538615273,3.0083790571835345,3.270238934495894,3.286395234918222,3.912107808092789,3.5787024759829564,3.459060399218456,3.01906928128683,2.502342918960074,3.457827766031651,2.607709880725204,3.5686284305930824,2.982645272071505,2.9979834602336908,3.465043822368994,2.8934432518248,3.940867416767695,3.1137750554838046,2.667112942165111,3.4133799572508092,3.0234269366395874,3.540336849051493,3.977532666426693
generation68,4.0,0.0,4.0,0.0,2.0,4.0,3.6312138332455257,3.5651702915276924,3.8324445896392962,3.409925294268835,3.081584677244658,3.980545620748738,3.9448236116604813,3.6468478823769432,3.505141045899234,3.6384032132434845,3.460386302677718,3.6782724627247054,3.7634337231808996,3.891554056137261,3.68669467051497,3.3769450945212474,3.2662318414927687,3.667696894826361,3.860707395489288,3.2405759895259263,3.870218645845387,3.8483717658854464,3.3602717447401695,3.421236779253203,3.858739425238822,3.833398559239246,3.4760749777432305,3.640056372739565,3.974365267651232,3.40891965915913,3.973894447383019,3.9497339872049273
generation69,4.0,2.0,4.0,0.0,4.0,3.0,3.9331202997641332,3.9189117874176986,3.9586221049621573,3.108184658666314,3.374258782587972,3.944547909044189,3.850202076940689,3.9288450558611854,3.8036102213056355,3.899653787010104,3.332519172217487,3.6094342927033924,3.924427878258167,3.992338385213383,3.910869077038672,3.757944620575234,3.8523300346682148,3.582783976647816,3.7694294777984156,3.0710442064926657,3.988737783854112,3.908065627971588,3.767911620781788,3.9425360722951273,3.7643827610025755,3.9676787220747096,3.9117129886799744,3.6965292681468536,3.9794250975388556,3.5987977696660987,3.9574464599783514,3.9755967662190317
generation70,3.0,0.0,3.0,2.0,1.0,1.0,3.451200873478098,3.904868843207179,3.9392458593817596,2.2915385814419147,2.431515656969643,3.406616120714265,3.19860607747262,3.8730727098063125,3.1090628274605026,3.721841021026345,3.3076702047917133,3.882975957131788,3.9035200971933883,3.9087927703196277,3.7716764357508885,3.2441866084831528,3.100880396535131,2.328895868491579,3.886884195887998,2.463704631187059,3.827161736070398,3.227937715024965,2.9446456033750357,3.829560371143068,2.7428530586863906,3.7842968053652255,3.448496867157228,2.7818947696882903,3.9675041353651346,3.1144436662227357,3.95968587486631,3.28534895362791
generation71,3.0,2.0,4.0,0.0,4.0,4.0,3.8341254411269707,3.833177797381037,3.650152426830775,3.2775479508471044,3.116751625493871,3.9553652302832205,3.231209983251403,3.69886640084562,3.6245159047458357,3.8070373622132605,3.1496873640016623,3.797775879950797,3.6896798370267043,3.9051879837829726,3.8653900243781565,3.207000937386435,3.535417368162922,3.1431206319588005,3.622737164323242,3.378419655106712,3.863003962661524,3.335178538545139,3.412978596951743,3.750628101554036,3.3904967402532504,3.900731321207858,3.705035217982982,3.5733012339142842,3.809656776002908,3.473830503715794,3.722786597919918,3.99410810785702
generation72,4.0,0.0,2.0,2.0,3.0,4.0,3.1902839320913317,3.0877710519511803,3.422368186197818,3.4733812101304546,3.1183298818420067,2.8344869958916004,3.582951977061946,3.1012789774064036,3.35647204578489,3.1751530292784245,3.0464177672549178,2.931368536083859,3.2448194701087636,3.2286900628518316,3.4129499382809145,2.8116612607186484,2.7370381813627556,3.7098898275239844,3.3610482007919122,3.320714763579303,2.9482738384043987,3.3827624294852012,3.0626313613342813,3.478260572422214,3.453525238844083,3.0913784640467057,3.0237096092312528,3.8428313947721313,3.5773757765267016,3.1499093600232198,3.4021767749278893,2.7676540977154995
generation73,0.0,0.0,1.0,4.0,0.0,4.0,2.6497098444686342,2.3767763035913743,2.844960670320253,1.936824456573512,2.9412333220951785,2.3635275564432976,2.1671489639582786,2.821449495021568,2.4925107534477737,2.5920638326479897,1.9528570357298576,2.797883408081713,2.614847358601222,2.0969256065239272,2.3971218895688478,2.1666781947214875,2.4893811134582453,1.9677584350032056,2.775025824879944,2.7886053567365336,2.279388339974692,2.021858689470258,2.9441906073959614,2.8637701817426344,3.073566336427481,2.131606181037639,2.7155130739973905,2.727177704816282,2.5654034849355285,2.9252553552563247,2.6869248112010036,2.115500177633255
generation74,4.0,0.0,4.0,1.0,4.0,3.0,3.7824263065871304,3.6924082585988267,3.923692171570037,3.93543135634136,3.5808637793495928,3.9890743536816995,3.906748999571166,3.8320008212024934,3.6960904008021562,3.479386519861975,3.574550204442467,3.7121682675157115,3.6353340982312448,3.66523002806204,3.728413387618257,3.683285771426863,3.5063195409624686,3.9696386039338316,3.88361773971495,3.6002673043512945,3.9338982275280556,3.695104155582878,3.644473263161781,3.6938844305602507,3.9146460944796253,3.9557912367989583,3.649389785121078,3.905998992753539,3.9761213064694485,3.4585803946854567,3.8293523305984674,3.9807209173826537
generation75,2.0,2.0,4.0,3.0,2.0,2.0,3.5339069396303917,3.919247519129541,3.338159947292351,2.319639715607946,2.8290137144838736,3.991161457090355,3.0803104839757323,3.428730314270227,3.639846101372026,3.948479121961824,2.8744419273748916,3.6880923773085263,3.26274238802836,3.9893623573574,3.6612109404027358,2.960627734830601,3.132534303231424,2.4254987851221292,3.384623732676232,2.6449083614445836,3.993183807624397,3.0835240586838015,2.991347325520914,3.5881978855976135,2.689074129716988,3.990643309149722,3.8981430780294373,2.7921612356502945,3.2616918536304214,3.206142296712471,3.6546375961596356,3.990044342025253
generation76,3.0,4.0,4.0,1.0,4.0,3.0,3.8932681179822404,3.850644342085906,3.9353070700016155,3.5358985237686067,3.320186609215622,3.947605481826458,3.9575785966928354,3.846406203568915,3.8502421940305487,3.83455220517387,2.9477467765402916,3.538576528448854,3.778851185895856,3.927327140344667,3.7674266108132066,3.4404202259834373,3.6898580217517822,3.0273354605357423,3.776948810860602,3.20418447162594,3.8444820637287522,3.829367376898997,3.6263461332441014,3.756145789725733,3.709675526343913,3.937954592806269,3.855429370502053,3.652003990864711,3.9102032244292184,3.742169034046329,3.960680220830679,3.969189618054754
generation77,3.0,3.0,2.0,2.0,3.0,3.0,3.656441940539729,3.5465147245146937,3.5805073603507585,2.784414304894346,3.0684207086612036,2.893297391255414,3.1211149132758598,3.651244121636936,3.558391190471195,3.7604907364463385,2.7261632471073893,3.840161040244194,3.4900191599544987,3.4486542234453097,3.656759246929258,2.839306429193137,3.097519211419058,2.957001389751816,3.661734706316695,2.874334415061123,3.1267893365671893,3.3263090823805195,3.29689862116872,3.7016402456056725,3.0533347641505504,3.033112067575673,3.348213600107671,2.917074916814047,3.5825184505382857,3.5139303539826847,3.860265647029605,3.0523249177533067
generation78,0.0,2.0,2.0,1.0,4.0,3.0,3.567746045710786,3.206873055226509,3.518158010162979,3.6516857304447115,3.3253568238217994,2.6412448848781613,3.877245928527119,3.388600456296348,3.0201679609920555,3.2770508169421095,2.429067171519893,2.9861341811559625,3.244353146046013,2.9795548904154168,2.9465737258230686,2.9786826365064294,3.3250895974965,3.728292946334336,3.7103858341599825,2.9591228543940526,2.9370780741813665,3.7193961738373384,3.2195713553264964,2.996138149500282,3.8634758086866627,3.3842922611209114,3.080037032749276,3.9633075033135374,3.4170679615799107,3.3161475517403787,3.7656344869966256,2.7260421030709487
generation79,2.0,3.0,4.0,1.0,4.0,3.0,3.7047566623940975,3.88193136731104,3.9719632187555316,3.4267319764388926,3.3339814271683146,3.9800995213356805,3.9630884389926235,3.5884551169691012,3.7761073988106153,3.6774692731861807,3.3751143778716415,3.8002244108708374,3.884123305901258,3.9083195333154515,3.9076967930240274,3.5233434571323485,3.404086052970811,3.625750685006557,3.8546452543554306,3.177657915485546,3.9642412058282326,3.7993402869087753,3.2946414498351215,3.871346537994357,3.6996885490778695,3.94723536721151,3.930447004338036,3.640383775083323,3.9528284741327804,3.667321526829521,3.9218428022932863,3.9890121524121267
generation80,2.0,3.0,3.0,0.0,2.0,4.0,2.997560148076095,2.8998184045358877,3.266563589969572,3.1612575488311787,3.242874656977402,3.021661597244781,3.3341391583452187,2.921529947501357,2.9218501174442943,2.937073776987753,2.927202522619565,2.9403228870380462,3.039506595677587,3.0210992281200393,3.0783546803234203,3.1617215338560403,3.0932418795903134,3.3213239444838973,2.9720248205818427,3.6966066084467353,3.1957213214776408,3.024542041019738,2.946048481820722,3.0535716393500665,3.658006237393107,3.139202298684106,3.048107265634515,3.170419301246513,3.3140082107782187,2.998913686702822,3.0484175099871007,3.0143064888806794
generation81,2.0,3.0,3.0,1.0,3.0,4.0,3.1700930599855943,3.630741133985163,3.8022024891402646,3.5404425017932324,3.4620708385351215,3.099083337340912,3.421115381359995,3.727133324934594,3.4540694536288745,3.6756490058145648,3.084764362142641,3.4319798861576047,3.318190686713449,3.5757166797982713,3.181886161799773,3.414828250658125,3.253796561598137,3.220299432102903,3.883303173474752,3.5983670234112566,3.7316848136167766,3.6880566937567765,3.2706510877500587,3.8843127234304307,3.761605010479298,3.2429821691799656,3.240661774749302,3.62179370721785,3.7755554662310398,3.331622972788416,3.9266347286216345,3.063226258665391
generation82,1.0,1.0,4.0,2.0,3.0,3.0,3.638059296908871,3.5729458850986053,3.4594612014379007,2.338173081123823,3.056994281123419,3.969993122032502,3.0001251691844266,3.3958648455875475,3.2418773980910824,3.7326249035788956,2.5760408871946914,3.390774224745547,3.5557642487677628,3.894181938704876,3.456651253699805,2.6355518460936103,3.17796380489104,2.366553051347081,3.643843335628242,2.9531300335653086,3.8188426398455464,3.0674335394174026,3.2119543828425394,3.1971228730346293,2.925955204626369,3.8578457350979503,3.4701098600359725,2.9556047237407843,3.6529183684104773,3.302198816751295,3.7494604527663804,3.98912396755256
generation83,0.0,1.0,3.0,2.0,1.0,3.0,3.130315336921521,3.49713715059778,3.6180155511944996,2.3816454451880738,2.5299877420527404,3.342885541910695,3.5736209042289695,3.1146724018958363,3.4371825595155068,3.1789537787421844,2.8627040005367177,3.2815566566670107,3.2910617893212275,3.631205622983565,3.286386593379098,3.0478311835200746,3.167465261651481,2.430701386324518,3.0102453362707586,2.799343845997694,3.580188739774697,2.9727553136440665,2.9708237666661663,3.2600708487003263,2.7937341078160305,3.701288359753431,3.563613361046462,2.5970352310060303,3.1741628032529543,3.2271986904135117,3.151960049180663,3.1285784144712725
generation84,0.0,0.0,2.0,3.0,0.0,1.0,2.649572605371534,2.4055021757937785,2.795881833399788,1.7815162661441484,2.4286961252388792,2.0602194420730355,2.1845964948086194,2.6019591066166115,2.200723773099133,2.166937539480858,1.7104110086224211,2.572756062898532,2.9152206768052245,2.1511401233444905,2.4410755002727025,1.9641777479485047,2.7635463848913218,1.6319716517782097,2.9611861030176145,2.0173783496571542,2.3278217182962724,2.0879871014977214,2.302133401103282,2.4604013086963494,2.6562731509572988,2.3221176282183005,2.3540992178303264,1.8980047781943936,2.810961757233271,2.875310232613266,2.6151648616106,2.077122672907329
generation85,2.0,0.0,4.0,2.0,3.0,2.0,3.672937164792009,3.818570782482291,3.832543684125049,2.603466123343786,2.9269636516457385,3.9836580302509446,3.7982111565988252,3.7302024659368525,3.6965596182606615,3.73582521603074,2.956173537345572,3.44272163008817,3.5740321951501026,3.9827337890082255,3.7752557221990677,3.3012956279960464,3.299472771838131,3.2239905661482617,3.65637374674455,2.3978974944093494,3.9193163368941937,3.3292014426115797,3.0726942870499663,3.8001319262473268,3.124430123921393,3.860610128165964,3.466612198812577,3.163585051392892,3.8693446916298777,3.173000356303566,3.719999524724124,3.971554989692507
generation86,4.0,4.0,2.0,3.0,4.0,3.0,3.117987884875409,2.9583039737793366,3.4670506706851296,3.2358895875673683,3.1862887997134712,2.369685762499274,3.5887737890200575,3.6258987947468464,3.3255485071043136,2.8232794841753712,2.811150675976032,2.911193601653041,3.134296487265586,2.631362804048212,3.194556007207388,2.85581751940966,3.3512725419180662,3.137397380675613,2.5780976217699294,3.179803858419847,2.893681637882288,3.688496011455153,3.1790020608706406,3.0722021718950843,3.29899357365089,3.0263319542825893,2.89054145603681,3.041431438315611,3.5196418883947427,3.085482892324909,3.4173910781473835,2.562979428161075
generation87,4.0,4.0,4.0,0.0,4.0,2.0,3.7177307906279604,3.7457549166151134,3.9064615840356223,3.6239659294832083,3.3234927846458033,3.926544722284864,3.904633315703487,3.9468693280275713,3.452381413333136,3.6595069063149346,3.1111771213329775,3.3408128783557625,3.7359980642216315,3.6849033344575908,3.7035235997876153,3.122139259318076,3.4556020360955966,3.36773671500704,3.87670838511216,3.178293308198319,3.9222127805370617,3.861985729426787,3.3307046705146526,3.6480915574704995,3.914826340128774,3.9090768427432296,3.5681706141637997,3.9041723472618752,3.9503455124920657,3.284983656422847,3.8166992565675284,3.971710049740318
generation88,3.0,1.0,4.0,2.0,3.0,3.0,3.805865535224691,3.725180957768,3.8069860685966623,3.063932993662819,3.0457446636639296,3.991261859294617,3.525223320401056,3.7715278135812618,3.641239280145926,3.9049457029265575,3.094564108087866,3.827498386672645,3.8784107798079286,3.979610122821709,3.835801065278539,3.347964382770258,3.623987755723088,2.921603194514484,3.8609001859653636,2.8585012272542483,3.983925015972588,3.3770395099349337,3.3334907061828556,3.915020244272657,3.2667570869195934,3.935097335628958,3.153857024291302,2.9652676358527965,3.9674859403815756,3.530644059210902,3.8967923404206735,3.9801079733497216
generation89,3.0,2.0,2.0,2.0,3.0,3.0,2.766105936421343,2.7375166426173165,3.321451919181737,2.379473480852983,2.7580932235976916,2.235305164396215,3.083098558423993,2.952159280019897,2.6632335245603165,2.0040054238815164,2.2613413013164947,3.068514014726611,3.4015948030899756,2.6362801605348385,2.810196262499554,2.523021461370419,2.820390596928826,3.0097019585174167,2.7700032669722803,2.880554496321389,2.886804139292174,3.264959511365909,2.650957423161814,2.6974828515951326,2.621549564665144,2.7731436272650227,2.5233886631683875,3.0911899871005484,3.3443907094962424,2.8898471360512388,3.032264552977482,2.212367887304702
generation90,2.0,1.0,3.0,0.0,3.0,3.0,3.4957851258185926,3.368790205377941,3.0110644138539815,2.9653590055111065,3.0951738880128308,3.2092212971000125,2.9740470550473517,3.736802304390276,3.0157936307686652,2.7912176254207095,2.5879338735515525,3.2040281848759777,3.2714078683112904,3.1731030195138303,3.4236260787622013,2.6643212326622465,3.4994772350064434,2.859662210315896,3.014544152537595,2.9194196751791637,3.3905339663011476,3.3546761668656204,3.591074178258479,3.6251158927821683,3.5063445753256515,3.3355457764475633,3.0071788979828478,3.1660623423768057,3.666860951096865,3.0660226784585474,3.6171433243566544,3.141415471441273
generation91,4.0,4.0,4.0,3.0,4.0,4.0,3.899026653727463,3.8596239113859183,3.781463750912063,3.9490306938936555,3.683148968816529,3.96290400165239,3.9767332634385393,3.9004508440902765,3.289560313963574,3.6336658469510756,3.123843917347954,3.932646292323974,3.7886259679548955,3.9463215274867753,3.9165433592625924,3.2445157200428314,3.3058159440635397,3.898179764771215,3.9211597848213096,3.937909189514109,3.8514193509443073,3.9174315780333617,3.40006574631689,3.8708633919348956,3.9339653692973786,3.8958496758051586,3.796435185936461,3.962998521493896,3.8629228580450135,3.6741494152987975,3.8967662369313,3.928789817775122
generation92,2.0,2.0,4.0,1.0,1.0,3.0,3.3410160982662886,3.3161013525483463,3.746570793314033,2.3694163856266606,3.0514259619974644,3.943560559993917,3.0133469615269295,3.690407269363845,3.0795364798812908,3.4182672903122073,2.6045468809632086,3.365054016438918,3.2693294117208196,3.9020489822990028,2.961712575105802,3.234426985184251,3.2721391903468087,2.4312987471664664,3.7841686577097895,2.954173196881543,3.760099408999815,3.244125953042689,3.1645106616225935,3.6945511435662075,3.130421109953825,3.828601446671561,3.612951411660572,2.883230761379085,3.7920671344273167,3.34582077426135,3.8320446450481054,3.979450431020913
generation93,2.0,2.0,4.0,0.0,2.0,2.0,3.8389355565120487,3.8010641474152704,3.9252663827565377,2.7656534514007554,3.07096475525968,3.9941316059294745,3.7061939418134284,3.753431607131974,3.6326750496003153,3.9560150727543886,3.0998702481345117,3.665242931332817,3.4477637532335184,3.967209186368434,3.799512482951349,3.1761204507448246,3.0232223958885256,3.0464315070379744,3.928470025107373,2.7943254258051184,3.887210133087385,3.5212450705470593,3.197872775610198,3.914008733585579,3.048245610218826,3.9517812294831987,3.5156550189278697,3.1280662372457475,3.7899005412484215,3.3447121649267944,3.922568580252749,3.9304798829070697
generation94,3.0,2.0,3.0,2.0,2.0,3.0,3.1423578256562235,3.296752533468207,3.3355349280805107,3.248355439370686,2.8604789749021906,2.9444946706790196,3.0678855748403824,3.1059815699566315,3.1987324003386868,3.245178493244245,2.6471416160994905,2.982857401980806,3.040636381212365,3.264558124439529,3.3385924770738447,2.7321552278612597,3.1617928609022328,2.7349713704394607,3.212062959330461,2.864393810778538,3.063530073128125,3.134039791336937,3.103676418112126,3.1359783116225755,3.445397889756934,3.0659007142050454,3.080836742975395,3.2014028917874913,3.0117743759995412,3.247286420238801,3.3096884964531363,3.0045078008520028
generation95,0.0,0.0,2.0,0.0,4.0,4.0,1.9071446330856854,2.4336844677039084,2.6852001238096426,3.0114032284747965,3.153451770737466,2.065978325697517,2.866524285976965,2.523875358140712,2.2883487076510836,2.2872093021159423,2.400741124851313,2.342374187378129,2.1437202072952406,1.7408900906822236,2.4023848268653625,2.2476225962844065,2.545683246503246,3.0208007982362366,2.7910247173639964,3.861696114774435,2.4573266760429,2.5224406207425165,2.7825556087922827,2.4355826521636526,3.1789043378468578,2.6578463945531285,2.246474825153327,3.0177358100582428,2.7784625174446917,2.6068738508629803,2.5788673304684004,1.9742171022228476
generation96,4.0,4.0,4.0,1.0,4.0,4.0,3.6847055234214836,3.588366483020131,3.77928383732265,3.8466694586499015,3.457915682747103,3.516619397916706,3.8352529328008753,3.692407337430663,3.46108170445607,2.7484305238175395,3.1369365759355503,3.178319104629468,3.726087765635313,3.722104816071415,3.5011320351902278,3.363770046850838,3.392022134626321,3.7497535979618157,2.95839304318725,3.4571590745563787,3.3705078356613725,3.668674142191362,3.2851801617953926,3.6421066319217696,3.4210716723320744,3.54537517759222,3.347531007122139,3.790024181797369,3.729474322562691,3.488188310554514,3.664091456633682,3.7750832508754715
generation97,1.0,2.0,3.0,1.0,3.0,2.0,3.7150389324686626,3.5199570572602568,3.951558027963387,2.6450728919768967,2.9199618349743206,3.0166111880085875,3.3959226217435936,3.8717848194625275,3.115482275768022,3.863039385129493,2.9056262730427656,3.377044509830026,3.6252001821569744,3.579740806903037,3.340465753282546,2.967972344217839,3.2910549085880696,2.480435099628949,3.7820381093659887,2.455639012278155,3.0483639973960805,3.4740368044845935,3.357513943593506,3.868722891585307,3.0158605201283044,3.3657792127179147,3.1170638999790543,3.1076805244770354,3.5975894927058922,3.245074550143857,3.869716312179211,2.999644825582111
generation98,2.0,2.0,4.0,1.0,4.0,2.0,3.9024180927345067,3.7913849350888986,3.6041508397572617,2.842060987001393,2.977707218142829,3.8677047317758655,3.47416999597851,3.8989014712920715,3.28782135702361,3.9276329446399574,2.9296539008567484,3.86683187153513,3.8038051997183917,3.8432310559800027,3.7342172553759414,2.9837964767038505,3.3374511369764357,2.9025191811040276,3.77968017572452,2.426766303065768,3.8243429834020515,3.6037003637723903,3.0774745788265596,3.8123431495488327,3.102790623330833,3.917087037176479,3.6642553762351744,3.159897421142844,3.844550878087843,3.0895117993216066,3.9607924258144562,3.970875861879672
generation99,3.0,2.0,2.0,2.0,2.0,2.0,3.42671415764433,3.256628588678928,3.3368271402649,3.339945069309669,2.614141838801169,2.716406824454999,3.4259015426921553,3.520603189590321,3.093993992571018,3.0206178413855826,2.3982909558576786,3.0790663918805743,2.3628339722214204,3.123614755419456,3.3704340881439143,2.8498655100124552,3.0787845269782923,3.359987900843454,3.178421810077067,2.999675016785771,2.8310858573475297,3.260711889077334,2.881566039653055,3.282152982876771,3.080323668488993,3.0100360468503706,2.9467418589204812,3.3226093940140933,3.2142558229692613,3.0190648130318882,3.5075792284628995,2.8896982679278724
generation100,4.0,2.0,3.0,0.0,4.0,2.0,2.917633497747403,3.372485476655499,3.064587855795569,3.470475786106272,2.7403571350748064,3.0082732491578223,3.6711599128828234,3.391806748433396,3.228753215287734,3.2700605683589097,3.224183997321955,3.137685826656884,3.3352442737830885,3.2702528476043664,3.369001430707471,2.9164320095259346,2.803672390797026,3.6103540125958586,3.29866105066752,2.955657704122756,3.1962569349689867,3.445296564464408,2.8019845540507657,2.9221768372055847,3.222398644441367,3.1476203739048003,2.7714035885355406,3.4545437591499777,3.6210619247099327,2.7434495953796527,3.344599100499536,3.2218523558883225
