,round_added,source,approval_generation1,approval_generation2,approval_generation3,approval_generation4,approval_generation5,approval_generation6,approval_generation7,approval_generation8,approval_generation9,approval_generation10,approval_generation11,approval_generation12,approval_generation13,approval_generation14,approval_generation15,approval_generation16,approval_generation17,approval_generation18,approval_generation19,approval_generation20,approval_generation21,approval_generation22,approval_generation23,approval_generation24,approval_generation25,approval_generation26,approval_generation27,approval_generation28,approval_generation29,approval_generation30,approval_generation31,approval_generation32,approval_generation33,approval_generation34,approval_generation35,approval_generation36,approval_generation37,approval_generation38,approval_generation39,approval_generation40,approval_generation41,approval_generation42,approval_generation43,approval_generation44,approval_generation45,approval_generation46,approval_generation47,approval_generation48,approval_generation49,approval_generation50,approval_generation51,approval_generation52,approval_generation53,approval_generation54,approval_generation55,approval_generation56,approval_generation57,approval_generation58,approval_generation59,approval_generation60,approval_generation61,approval_generation62,approval_generation63,approval_generation64,approval_generation65,approval_generation66,approval_generation67,approval_generation68,approval_generation69,approval_generation70,approval_generation71,approval_generation72,approval_generation73,approval_generation74,approval_generation75,approval_generation76,approval_generation77,approval_generation78,approval_generation79,approval_generation80,approval_generation81,approval_generation82,approval_generation83,approval_generation84,approval_generation85,approval_generation86,approval_generation87,approval_generation88,approval_generation89,approval_generation90,approval_generation91,approval_generation92,approval_generation93,approval_generation94,approval_generation95,approval_generation96,approval_generation97,approval_generation98,approval_generation99,approval_generation100,round_chosen,matched_generation28,matched_generation71,matched_generation51,matched_generation82,matched_generation91,matched_generation43,matched_generation30,matched_generation16,matched_generation49,matched_generation45,matched_generation76,matched_generation75,matched_generation37,matched_generation4,matched_generation33,matched_generation23,matched_generation61,matched_generation57,matched_generation58,matched_generation48,matched_generation96,matched_generation79,matched_generation87,matched_generation29,matched_generation7,matched_generation32,matched_generation69,matched_generation74,matched_generation11,matched_generation52,matched_generation19,matched_generation63,matched_generation8,matched_generation88,matched_generation72,matched_generation68,matched_generation55,matched_generation18,matched_generation5,matched_generation98,matched_generation47,matched_generation3,matched_generation64,matched_generation41,matched_generation9,matched_generation39,matched_generation10,matched_generation66,matched_generation15,matched_generation78,matched_generation85,matched_generation22,matched_generation13,matched_generation86,matched_generation93,matched_generation77,matched_generation20,matched_generation67,matched_generation92,matched_generation60,matched_generation44,matched_generation14,matched_generation24,matched_generation94,matched_generation100,matched_generation26,matched_generation38,matched_generation70,matched_generation73,matched_generation89,matched_generation99,matched_generation90,matched_generation6,matched_generation1,matched_generation31,matched_generation2,matched_generation35,matched_generation27,matched_generation97,matched_generation34,matched_generation17,matched_generation80,matched_generation95,matched_generation54,matched_generation40,matched_generation84,matched_generation12,matched_generation21,matched_generation36,matched_generation62,matched_generation53,matched_generation42,matched_generation81,matched_generation83,matched_generation25,matched_generation59,matched_generation50,matched_generation65,matched_generation46,matched_generation56
"The most important rule for chatbot personalization is that users must have explicit control over what personal data is collected and how it is used.

This rule is crucial because it ensures user privacy and autonomy, allowing individuals to decide the extent of personalization they are comfortable with, thereby preventing misuse of personal data and building trust in AI systems.

For example, a user might choose to allow a chatbot to remember their dietary preferences for restaurant recommendations but opt out of storing sensitive health information, ensuring a balance between convenience and privacy.",0,ChatbotPersonalizationGenerator_0,3.3268375929402705,3.450434615027659,3.902113505317793,3.9843605265911672,3.987272074131909,3.422575900952006,3.987498615315965,3.9887530789521306,3.920550330954666,3.892988063421215,3.886554500268448,3.3023970683660493,3.633284871796266,3.6992988536784575,3.923212358014594,3.996976663839373,2.629873466358653,3.984323211396217,3.983187984114803,2.834250510097597,3.1778051893695123,3.9796052671216406,3.992871544807587,3.412327458998034,3.025115347770127,3.929593203055195,3.738955463637336,3.995090477827946,3.992448929020592,3.9796776824540174,3.09939058999009,3.980234948808649,3.993222317855481,2.9538499912632608,3.375604253531843,3.757702282203716,3.9750310736361807,3.326025530673853,3.3828912556210584,3.5051735365572787,3.981716794723032,3.42079792272064,3.9833573515546417,3.681889210564196,3.9803719432894256,3.048264722153508,3.971711255966852,3.9864229845596473,3.978393530984333,3.127565803609512,3.993966493367562,3.924372578587538,3.431910579124397,3.197540225339601,3.967184382216052,3.152086180086436,3.917530938340784,3.996144158652691,3.1436806679806093,3.8470018383390943,3.991651640039811,3.6873517212975258,3.9872451516196135,3.969006847788601,3.216875667923592,3.9728269335006674,3.98148914758426,3.993642371140919,3.988063425045203,3.599357327479671,3.9977095580074606,3.975155609243688,3.952617912910188,3.9936623039145975,3.974527797413247,3.9938071469044334,3.806425130480872,3.677092057807399,3.9913847591911646,3.423908252927741,3.2241816890565085,3.984550389382549,3.442061437419793,3.5885456169344065,3.976866396984081,3.989471951316911,3.9945526495539694,3.983353876666903,3.1859759570243966,3.7862729280416167,3.99584417489716,3.9705069904321446,3.970453533522272,3.428244689810958,2.1457098648329582,3.991199851773322,3.465996765614429,3.99136587190988,3.401668795539853,3.8792139596529984,,,,,,,,,,,,,,,,,,,,,,,,,,,,,,,,,,,,,,,,,,,,,,,,,,,,,,,,,,,,,,,,,,,,,,,,,,,,,,,,,,,,,,,,,,,,,,,,,,,,,
"The most important rule for chatbot personalization is user consent must be obtained before implementing any personalization features.

Justification: This rule prioritizes user autonomy and privacy, ensuring that users are aware of and agree to the data that chatbots use for personalization, which builds trust and safeguards against unauthorized data usage.

Example: A user provides consent to a shopping chatbot, allowing it to remember their clothing size and preferred style, enabling the bot to make useful, tailored recommendations without compromising user privacy.
",0,ChatbotPersonalizationGenerator_0,3.521869089790494,3.2822528248995417,3.988357979155378,3.9564136100117806,3.99066790132143,3.22604327328095,3.993045519840977,3.9930704740976863,3.7485429894388296,3.937186332821245,3.9970709952685737,3.1433759623806674,3.333449299590356,3.2525570007150795,3.880407532371533,3.992632004197177,2.167988532181904,3.98911704665192,3.986764314968785,2.451277575332566,3.11402806942606,3.9697905908721887,3.993300017253175,2.7837609145214373,2.9959937789265383,3.51252335359246,2.8762207954947594,3.996137747289257,3.995329023395783,3.988760360762136,2.5469444101785137,3.988825428872872,3.968477365997793,2.768038399448681,3.413083044674609,3.30601463496666,3.989417894404768,3.1538611462105863,3.184805334113708,3.335289597999168,3.959428998308407,3.006003395430318,3.992381404628448,3.368355201967409,3.9968079229850986,2.938021625704053,3.984101074310443,3.9869413690495614,3.9505526831090334,3.033350296424325,3.997658668370193,3.93167827922732,3.154133507813974,3.0386781164228256,3.986369811550009,2.7608041236176506,3.897873559567471,3.991914017953624,2.956421879862102,3.838259760939774,3.976857687718693,3.2756602223618474,3.993330196058316,3.982089868462325,2.967975079621552,3.9850350007191895,3.986950777654635,3.9880146869611015,3.99290960060165,3.0918891812279434,3.995910757622203,3.9333529617021328,3.1230249365885454,3.994983273927692,3.972485773889903,3.9893980253718713,3.663391559486549,3.290154556101772,3.989888500575416,3.108380594928855,2.9731357849681013,3.985645600431909,2.995331842771768,2.0588162411646294,3.971613742028276,3.9884775320653936,3.993460695510738,3.97677328585164,3.219811500461687,3.39378355063152,3.997706511833526,3.980603404295055,3.964116359992613,3.0880542618851785,2.015764081380006,3.996798425368479,3.1937489755024777,3.988151924873528,3.359978289834036,3.862965113530829,,,,,,,,,,,,,,,,,,,,,,,,,,,,,,,,,,,,,,,,,,,,,,,,,,,,,,,,,,,,,,,,,,,,,,,,,,,,,,,,,,,,,,,,,,,,,,,,,,,,,
"The most important rule for chatbot personalization is to allow users to adjust personalization levels. 

This rule is crucial because it empowers users to control their data and experience, ensuring privacy and relevance while preventing unwanted intrusions. 

For example, a user can choose to receive personalized health tips but opt out of personalized political content, maintaining both privacy and relevance.",0,SubsamplingChatbotPersonalizationGenerator_0,3.060209330359939,3.0675008335556324,3.997933015438481,3.992644838816572,3.992091161368726,3.271801718316751,3.9813858038971848,3.987771096465852,3.004852135263026,3.9841170915080175,3.994685470166062,3.0285426020106105,0.1925782657442667,3.190756983593986,3.137668428790708,3.973611046785949,2.104404994581444,3.985776625805253,3.902562669468004,2.139796597764883,3.08743002384999,3.973685354850394,3.988186078672238,2.638040432096953,2.961353917548873,3.5044000533355453,2.6077328184891524,3.992836211636492,3.962522299524066,3.992230736717205,2.331038909842111,3.983369165678538,3.9642522538143146,2.8710594589150147,3.016734496143878,3.026423840312781,3.9779595889314856,2.9963420582630724,3.084471604378749,3.0383653943343543,3.1656927995343342,2.9756562520986454,3.967005249505339,2.983049200355662,3.994070298190821,3.0065169226811728,3.9911937402518776,3.99171914497074,3.981130329327207,3.00371880541102,3.992496758513272,3.901604937136873,2.9761032190005827,3.010571349436077,3.9617932847065735,2.1917430020681605,3.980457302800769,3.993877409953232,2.8076959743139724,2.9465424409275225,3.983299036829209,3.0401103003875027,3.993489092248909,3.982959824395793,2.7760060739635133,3.9815080969679375,3.980114813209213,3.92656808746204,3.979623226639418,3.0216412293807333,3.992398349683093,3.927103637573321,3.686545802451368,3.984592768463904,3.9835778774159065,3.993088198031859,3.478831546022045,3.2383319622753253,3.961728237862136,3.066057404919138,3.1059828596607515,3.977512528265779,3.2161967371080418,2.363551096244584,3.987893927884423,3.802028149939032,3.9958326397579578,3.9690886112216335,3.012669204005005,3.141288569657544,3.9966673282785874,3.9807907100169664,3.9468577768528585,3.1220623148628017,1.996551735152741,3.977913889021559,3.004892741842973,3.9791621651256417,2.750536387305384,3.182546294265693,,,,,,,,,,,,,,,,,,,,,,,,,,,,,,,,,,,,,,,,,,,,,,,,,,,,,,,,,,,,,,,,,,,,,,,,,,,,,,,,,,,,,,,,,,,,,,,,,,,,,
"The most important rule for chatbot personalization is that personalization should be opt-in, not the default.

This is the most important rule because it respects user autonomy and ensures that users have control over their data and the level of personalization they receive, preventing unwanted influence or bias.

For example, a user engaging with a health-focused chatbot can choose to opt-in for personalized advice, ensuring they receive relevant health tips without feeling pressured or influenced by default settings.",0,NearestNeighborChatbotPersonalizationGenerator_0,3.3100467017129453,3.119791961323051,3.995350122391577,3.996328959325793,3.9927848792912446,3.110220402565054,3.982335561474065,3.993569260932716,3.407318471746578,3.993075959566478,3.994006360351575,3.0557947842555166,3.4045048055121803,3.577504407778508,3.697734246337791,3.997094140282329,2.154140063637815,3.9940108476159,3.990293026384315,2.6532136424808024,3.017758566665836,3.9756642063268446,3.996234014277414,2.713254258858774,3.00101348131028,3.0862527877371253,2.1844285642100685,3.998776767597,3.9862331016614143,3.997099402151795,2.1573630118523504,3.9890037172138415,3.996241321919827,2.3287157289413085,2.896017027033995,3.2459558944687426,3.996369304812069,3.0528802661600256,3.0285292709251417,3.037688021020063,3.496010490971214,2.9862578074485424,3.997134487923556,3.171247825814293,3.996906985553415,2.977719847962303,3.991081488864437,3.9957758532103953,3.997002597261508,3.0052176332718537,3.997752663585899,3.9782874973864,3.1379976097721585,3.09295153406834,3.994805807807838,2.1881921371377366,3.995990098526127,3.995809643408671,2.1366606884008816,3.5371734057561506,3.996126452089156,3.099272060460834,3.9902413685698574,3.989533405842597,2.779114511158859,3.9943700180395374,3.993083620134306,3.995100700600864,3.9889929908707615,3.113069240669436,3.99806503597685,3.926929562839483,2.569493846117352,3.994215324528929,3.996657023223506,3.99682509407597,3.3031821454736066,3.1152673620185305,3.985656354958903,3.1261168553543994,3.0650327231882595,3.9976276641746233,2.987176174171134,2.040241339338911,3.987210610826471,3.9450861223616,3.9927650941138535,3.982921504078156,3.0734519464560863,3.1956399007092866,3.9975745999071934,3.9878730229949055,3.990840041656236,3.2035866508659065,1.9240160940420776,3.979220719666644,3.038956870560777,3.990902311268621,2.240774331582698,3.53925111544675,0.0,1.0,1.0,1.0,1.0,1.0,1.0,1.0,1.0,1.0,1.0,1.0,1.0,1.0,1.0,1.0,1.0,1.0,1.0,1.0,1.0,,,,,,,,,,,,,,,,,,,,,,,,,,,,,,,,,,,,,,,,,,,,,,,,,,,,,,,,,,,,,,,,,,,,,,,,,,,,,,,,
"The most important rule for chatbot personalization is: Chatbots should not provide specific medical or financial advice.

This is the most important rule because the realms of health and finance are highly sensitive and complex, and incorrect advice can lead to severe consequences for users' well-being and financial stability.

For example, if a chatbot incorrectly advises a user to invest in a high-risk financial product, it could lead to significant financial loss, impacting the user's life negatively.",0,NearestNeighborChatbotPersonalizationGenerator_0,3.26876724938925,3.552971526658629,3.9557648389402,3.3059632239923458,3.946847461254105,3.5182773775201293,3.969797192533802,3.871578490716647,3.85564282263338,3.90404079884374,3.959088169113533,3.1131989713724293,3.97503720235674,3.4516556628198147,3.770115663925413,3.981078466487443,2.810571782996783,3.954872953803082,3.8512001834749694,2.859171671119996,3.6933389578168296,3.948656552313824,3.9883582952962087,2.9092116304848177,3.482720635190097,3.7784922183481577,3.8837131741708166,3.969484543453648,3.955001848794778,3.8595886942979263,2.821403843841021,3.9063304888821824,3.972530713518705,2.476396849349612,3.770462058629648,3.350935523352783,3.928846761462633,3.703102244200093,3.38802469605521,3.5613401185710094,3.9103860580498777,3.5756703610549536,3.92967656634334,3.817620955443264,3.987795702220634,2.922588051984865,3.978181596602225,3.9921877222014808,3.986755100007133,3.085248386495769,3.988479822169643,3.062572781905833,3.680115109339145,3.061126545041578,3.8759431821591663,3.541669299736598,3.871397974247564,3.99125169944954,3.821415699132866,3.4026665059741217,3.96686551812748,3.3075100892951093,3.9749365962876,3.5887805312487324,3.005676209253489,3.744004847628245,3.8442007663366726,3.970107236882795,3.97229057542173,3.538932231920193,3.923330080565543,3.965526887175851,3.3254848252643763,3.975447338241428,2.562570845955161,3.9719265748462265,3.111919149869977,3.986885048955149,3.953161381106745,3.913074240483469,2.979772715574184,3.891586710784072,3.142069942869103,2.8071486628335296,3.412292557630705,3.958592333412545,3.996459308983628,3.724112152941328,3.229802854919659,3.251548515925676,3.996558539416208,3.6180183449669054,3.0468190983082266,3.437912221389705,2.939427492886242,3.982087746917605,3.281698633196469,3.86865840534622,3.313178697752519,3.9631738792538505,,,,,,,,,,,,,,,,,,,,,,,,,,,,,,,,,,,,,,,,,,,,,,,,,,,,,,,,,,,,,,,,,,,,,,,,,,,,,,,,,,,,,,,,,,,,,,,,,,,,,
"The most important rule for chatbot personalization is that chatbots should only store information explicitly mentioned by the user for future conversations. 

This rule is crucial because it ensures user privacy and consent, preventing unauthorized use of personal data and reducing the risk of privacy breaches. 

For example, if a user explicitly shares their favorite book genre, the chatbot can suggest new books in that genre, enhancing user experience without compromising privacy.",0,NearestNeighborChatbotPersonalizationGenerator_0,3.0702855847053767,3.034469837713204,3.986012410144337,2.862417432196983,3.969439982153398,3.35659966023357,3.98617868262439,3.9623834042064527,3.2216976357282103,3.919587366822687,3.936538433143093,3.030886011880648,0.2225736338418293,3.3552970641735147,3.533876055087258,3.984080178949219,2.132222951227462,3.9631277037448553,3.950291259683657,1.9522020983857893,3.055205368859074,3.946956608415776,3.954767810880562,2.341846357188903,2.39747130309883,3.5688889320417223,3.676970363724178,3.968330472356763,3.991167802862322,3.95627826410968,2.210211150343788,3.976446580769764,3.945395063222489,2.4313957182532207,2.956180380026788,3.479554106877807,3.7191382389022505,3.4130696311916697,3.042518043172862,3.048208615910849,3.843268595487976,2.854273073094109,3.876024464252645,3.128987790454681,3.959494834807309,2.7144423578274,3.9667558298484127,3.9949845579653886,3.981686848059106,3.0224778656389164,3.995663037592464,3.388759298369892,3.146111030542065,3.0846788736701507,3.90543203943315,2.5232252973556792,3.4640297473273063,3.951460929974699,2.797464522503068,2.122113641170283,3.975134438089297,3.123954820067937,3.978495146669888,3.750121270149683,2.713446939246872,3.840690175353056,3.8187299261965495,3.9777922465954254,3.971097479976794,3.1791204918896794,3.987084823628063,3.907901220350928,2.544295157480337,3.991269479977115,2.761609299609333,3.9669739327691538,3.179703951132117,3.4676273540482745,3.933250917136996,2.523542170855836,2.7370541501753505,3.937345321701928,2.9512833787153765,2.167636450957059,3.5771748483805648,3.9641475687576713,3.9852927306635295,3.8473507447124713,3.2030612636594027,3.0268143213693848,3.9946684043560414,3.283843311126388,3.887071035193893,3.2152549154261267,1.9789505163942247,3.983513987489253,2.947835003508971,3.9070209905523474,2.497406791804892,3.371670002928377,,,,,,,,,,,,,,,,,,,,,,,,,,,,,,,,,,,,,,,,,,,,,,,,,,,,,,,,,,,,,,,,,,,,,,,,,,,,,,,,,,,,,,,,,,,,,,,,,,,,,
"The most important rule for chatbot personalization is that chatbots should not provide personalized responses without explicit user consent. 

This rule is crucial because it ensures that users maintain control over their personal data and how it is used, thereby protecting their privacy and autonomy. 

For example, a user might not want a chatbot to remember their previous inquiries about sensitive health issues unless they explicitly allow it, ensuring their privacy is respected.",1,ChatbotPersonalizationGenerator_0,3.8706119480718937,3.6455759189765935,3.988948441284293,,3.989127680774499,3.793432816538181,3.995194265339844,3.992314999799982,3.955254613685687,3.9820501268709743,3.99441028740154,3.249064403516629,3.986102797879513,3.777759219289895,3.8894415528583526,,2.241385923820539,3.989711497725328,3.992390543291908,3.602970740397754,3.738059721391852,3.982113154414544,,3.792329899117257,3.0685922309176794,3.436011914097339,2.970065471671091,,3.995518067166148,,2.806652920757267,3.995141278833002,,3.1673438019411058,3.7380573109370063,3.3894010947186493,,3.6865683696771865,3.47511640812026,3.3069222052936174,3.987483784910309,2.995284783724752,,3.8715993713717087,,3.034918497754844,3.986326615155946,,,3.054661392359852,,3.9936318664447255,3.350553442274657,3.239699569727104,3.990603300838091,2.8384758291852044,,,3.072327798520398,3.78554014996458,,3.888056001944274,3.9923430949423016,3.964591035015101,3.107825255654097,3.987965977040412,3.9823900270200414,3.990606789874513,3.994889972870645,3.860051394927941,,3.991377150575276,2.6438877572485926,3.9945429086016615,,,3.93194656794065,3.669308859069942,3.996547209668828,3.2963807910049567,3.201324110896762,,3.1016869120306123,3.085609066030171,3.98712214315188,3.9877725193161018,3.9964047508364713,3.991871808755359,3.815867157281547,3.734652531395725,,3.98029579500918,3.983016954117237,3.7215491740443856,2.030461603224026,3.997201246316224,3.850427405224376,3.989024351550921,3.285925615468647,3.9736387203428967,1.0,,,,,,,,,,,,,,,,,,,,,1.0,1.0,1.0,1.0,1.0,1.0,1.0,1.0,1.0,1.0,1.0,1.0,1.0,1.0,1.0,1.0,1.0,1.0,1.0,1.0,,,,,,,,,,,,,,,,,,,,,,,,,,,,,,,,,,,,,,,,,,,,,,,,,,,,,,,,,,,,
"The most important rule for chatbot personalization is user control over the data the chatbot remembers.

Providing users with the ability to control what information chatbots can remember prioritizes their privacy and consent, reducing potential misuse of sensitive data.

For instance, if a user prefers not to have shopping habits tracked, they can restrict the chatbot from storing this data, preventing unwanted targeted ads.",1,ChatbotPersonalizationGenerator_0,3.4679563099906625,3.30341506437082,3.9972445503936953,,3.984756541395391,3.512652049701316,3.988060463794953,3.988843012375965,3.8253825282556,3.9838091694359687,3.988508442590868,3.115359729059357,3.5299713407638524,3.13712864244136,3.942206803097132,,2.09428211497138,3.9930252270905706,3.985214367099661,2.0920282905363896,3.0851756698178563,3.9880637111296977,,2.6944912521021367,2.9753302417089027,3.7430443991174727,2.882260153756984,,3.9957954975203913,,2.440871156382898,3.973684361446873,,2.496928587573244,3.216587928859897,3.1355689787984584,,3.253849517180055,3.134524569680849,3.230366006683852,3.928755507701692,2.935027282866092,,3.0743995598436538,,3.004611585527248,3.9823130094440975,,,3.0316440940292884,,3.898158902624572,3.025749498021487,3.0511097909750604,3.96094961619274,2.6204531358576166,,,2.604990916387377,3.6368025294999047,,3.271184366378673,3.978187319141077,3.9919655128948888,2.904232703606599,3.978201396633355,3.9479115813358594,3.981162261930672,3.985639080028733,3.2229799106033044,,3.933547416276111,3.8684013760441367,3.990356048363311,,,3.2637928075653333,3.573783485645759,3.967585988611588,3.1341447009733328,3.249234024076198,,3.1388683001238293,3.051929192061356,3.984680966912897,3.915750262691098,3.994946903679821,3.9816838954471256,3.036024633662653,3.249761823763772,,3.982197112714901,3.9268797843728698,3.0718422662698166,1.885356390848552,3.94097593474833,3.0403688962577853,3.972245569347484,2.557033511316498,3.6668375785873697,,,,,,,,,,,,,,,,,,,,,,,,,,,,,,,,,,,,,,,,,,,,,,,,,,,,,,,,,,,,,,,,,,,,,,,,,,,,,,,,,,,,,,,,,,,,,,,,,,,,,
"The most important rule for chatbot personalization is that users should be able to delete personalization data, with the company obliged to comply.

This rule is crucial because it empowers users to control their personal information, ensuring privacy and security. It prevents misuse of data and builds trust between users and companies.

For example, a user who no longer wants their shopping preferences stored can delete this data, preventing unwanted targeted ads and maintaining their privacy.",1,SubsamplingChatbotPersonalizationGenerator_0,3.1835744424914787,3.3648648956551845,3.9829933531263184,,3.9927250805710814,3.515974817058752,3.986407265969914,3.986609143275979,3.7268493059158194,3.984721076220309,3.989440436355892,3.126825276819299,3.8400837230349296,3.35042796919326,3.885551770513296,,2.340639738088752,3.981926990192579,3.974396953233464,2.917989521951133,3.5437496013384413,3.971710312547281,,3.380898500903425,3.0016322937935622,3.4526269764553725,3.2028985765946447,,3.9885692513452793,,2.0782604680375134,3.982733745880297,,2.99404654952908,3.1452514528807978,3.0360744717580848,,3.0325571460927567,3.446400745728853,3.350564642814681,3.990684852317367,3.130262889664519,,3.411328062658746,,2.8428527959867176,3.9905349976000335,,,3.0063602127131968,,3.8205418196782777,3.125049508422701,3.182460240749595,3.9721557280738016,2.7153150443726286,,,2.420566524654862,3.2733848156790035,,3.333915187189912,3.9885043747827646,3.972771376316812,3.0595649500875224,3.9789767926655,3.9640008154874615,3.9913989440409408,3.981257217935074,3.115471513345828,,3.977368675159676,3.766907805404285,3.996849359982548,,,3.7748460843915086,3.5587766980801336,3.9829638164713272,3.1616217656474133,3.1606464650652395,,3.083369253793877,2.8656057647602924,3.991788840058233,3.957115144473488,3.992120963176329,3.9769512749504745,3.322160043932933,3.450635046905772,,3.9862420523673854,3.976089414552768,3.650036033426047,2.062550255248815,3.972078395290893,3.206091912425604,3.9916309683797286,2.9333632190637577,3.8132598884193096,,,,,,,,,,,,,,,,,,,,,,,,,,,,,,,,,,,,,,,,,,,,,,,,,,,,,,,,,,,,,,,,,,,,,,,,,,,,,,,,,,,,,,,,,,,,,,,,,,,,,
"The most important rule for chatbot personalization is that chatbots should only provide personalized content if the user explicitly asks for it. 

This rule is crucial because it ensures user control over the personalization process, minimizing errors and accommodating diverse situations. It prevents potential distress or bias by defaulting to non-personalized interactions unless the user opts in.

For example, a user asking for a mocktail recipe would not receive unsolicited suggestions related to Alcoholics Anonymous, avoiding potential emotional distress.",1,NearestNeighborChatbotPersonalizationGenerator_0,3.0274484430616724,3.050676296864641,3.976402432007385,,3.956684682157493,3.05995041417605,3.967360743771229,3.982000816725971,3.521171969638055,3.935221659339531,3.9730945531263866,3.232167316053408,3.95020439044286,3.262466378053576,3.964500476800964,,2.0559056392708324,3.975108080918817,3.975910062891707,2.521294945481161,3.217420977458524,3.938706564107726,,2.2462255467549626,3.051704280533945,3.0504451872609177,2.154070183040808,,3.987425633278777,,2.488704136225424,3.9943991079237855,,2.2418025701844866,3.718413999724047,3.211156100023395,,3.9119680297002217,3.0160966577275223,3.0346235491140736,3.9185754817948593,2.939151825051962,,3.3942514312601304,,2.9169354867833386,3.993800650840816,,,3.0212782711127493,,3.783206682593793,3.086771782173428,3.029386736951048,3.979298870847659,2.042004715656077,,,2.351925732087557,2.398955141246501,,2.9834444607343644,3.98046698465338,3.956127291029667,2.91539197255347,3.979728260663345,3.8014989400466312,3.977707992998516,3.9786067655903175,3.483217223301639,,3.912346796719196,0.3901456343369417,3.9881412676888095,,,3.069296002975637,3.23143254079036,3.9688864359112985,3.191866155546996,3.171970580184233,,2.9761128200762084,2.0583153385347988,3.93887600476793,3.926598949593916,3.995764371236462,3.741625513067704,3.069343631103271,3.1081633253699383,,3.984030566607323,3.926281202664259,3.105160038370481,1.958457417970256,3.979024487291262,2.997021465639332,3.947855945372446,3.51273454307131,3.711362157906123,,,,,,,,,,,,,,,,,,,,,,,,,,,,,,,,,,,,,,,,,,,,,,,,,,,,,,,,,,,,,,,,,,,,,,,,,,,,,,,,,,,,,,,,,,,,,,,,,,,,,
"The most important rule for chatbot personalization is to not collect any identifiable user data. 

This rule is crucial because it protects user privacy and prevents potential data leaks or misuse, ensuring that users feel safe and secure when interacting with chatbots. 

For example, a chatbot that doesn't store identifiable data can still provide useful information without risking exposure of sensitive user details, such as a user's medical history or personal preferences.",1,NearestNeighborChatbotPersonalizationGenerator_0,3.093780698307588,3.2457408592006898,3.991696796105508,,3.985174033044778,3.311603588363552,3.9852381874489335,3.9839838807093937,3.968684011480236,3.819132797543255,3.976408772371269,3.498455521531408,3.978430646027336,3.673450253785673,3.90780605469992,,2.155130229987252,3.956853180547598,3.926176111664206,3.8558800878206414,3.902423154138572,3.983060905911768,,3.283853146804514,3.288473066433609,3.5005307778172203,3.0120055317965844,,3.945448594088541,,2.5224353636825745,3.9874479843787,,2.86560863240078,3.727570782962054,3.7070959599537407,,3.033173354630859,3.104574017456259,3.122928563796593,3.9890887061536215,2.5175650414553936,,3.958906414060096,,2.5578576682640595,3.978933162457262,,,3.0088798221041526,,3.312916462585309,3.31159333703511,3.0456042184412864,3.929334563772024,2.4211219114315186,,,2.563314095742622,2.1781133538697866,,3.108232185425167,3.989299579130929,3.8367921051527785,3.032360590199497,3.724142602817305,3.4403119348163487,3.9766997081088977,3.988967442429193,3.450706210800755,,3.894493079172376,1.690035212787068,3.993355025762237,,,3.062934433710957,3.8871634458889406,3.937733861018208,3.752153828469662,3.3105356184787755,,3.261180584534839,2.359167561874445,3.869961940020045,3.965036744599835,3.994153055912138,3.9270818287178906,3.4663350542498543,3.2579641091723848,,3.4606259079828967,2.560081133795808,3.1051901636274977,1.8457545003643288,3.989759240832232,3.0862834083506607,3.7344956541383625,3.185635935409583,3.986931340898732,,,,,,,,,,,,,,,,,,,,,,,,,,,,,,,,,,,,,,,,,,,,,,,,,,,,,,,,,,,,,,,,,,,,,,,,,,,,,,,,,,,,,,,,,,,,,,,,,,,,,
"The most important rule for chatbot personalization is ensuring informed consent for personalization. 

This is the most important rule because it respects user autonomy and privacy, allowing users to control how their data is used and ensuring they are aware of the personalization process. 

For example, a user might consent to a chatbot remembering their preferences for restaurant recommendations, enhancing their experience without compromising their privacy.",1,NearestNeighborChatbotPersonalizationGenerator_0,3.668333376158799,3.4850318437658347,3.9908583367483295,,3.984747943289812,3.74982642174688,3.991216796385247,3.9951216510070777,3.7711698009836057,3.966990520185698,3.991321600627332,3.125434856960497,0.4593165568179931,3.218698098440512,3.9307698203911294,,2.181254448609857,3.986951028222321,3.95673329586112,2.0940665381561656,3.2518857376749195,3.981242893247568,,2.3584343268162447,2.9145829866087096,3.52793161962806,3.2961607234015213,,3.973712704840476,,2.358912554225149,3.981600364698535,,2.943550074682383,3.0689799811853447,3.3006141160748403,,3.2308808726772016,3.2571129692232605,3.3410379090220723,3.973363612570684,3.118628592177055,,3.247062133858144,,3.0541187652971526,3.988537609702334,,,3.061719483286491,,3.96405079815192,3.1157383710660045,3.0305674335567043,3.983838848606113,2.843797197639612,,,2.4453481929238388,3.304365124275167,,3.278162284638148,3.984425778451997,3.986795360412138,2.881984605261823,3.9931059830607607,3.96474968651836,3.985655836926443,3.9907061845787744,3.441277640774714,,3.947024818012255,3.751460024574878,3.980699011167904,,,3.7203505176045626,3.289323521613687,3.9828031521367184,3.0365266629864847,3.065376046070908,,3.028003742715012,3.002193014752426,3.987871225334193,3.9679710683304608,3.986856781242104,3.9843578164100864,3.11400736816066,3.469031047760548,,3.9598834917892334,3.958419836769202,3.19542827420062,1.999310345746136,3.9759646028324034,3.0609771356109388,3.993274031331879,3.055133998802994,3.608110585277813,,,,,,,,,,,,,,,,,,,,,,,,,,,,,,,,,,,,,,,,,,,,,,,,,,,,,,,,,,,,,,,,,,,,,,,,,,,,,,,,,,,,,,,,,,,,,,,,,,,,,
"The most important rule for chatbot personalization is that user consent is necessary before personalizing chatbot responses.

This rule is crucial because it respects user autonomy and privacy, ensuring that users have control over their personal data and how it is used. It builds trust and prevents potential misuse of personal information.

For example, a user might not want their dietary preferences used to personalize responses without explicit consent, as it could lead to unwanted assumptions or recommendations.",2,ChatbotPersonalizationGenerator_0,3.6863046915031545,3.7841442956646194,3.992397153428421,,,3.763462664999209,,,3.927684570569341,3.9851823240582127,,3.292952130180278,3.960068332630829,3.719722913286824,3.942963199804903,,2.358433235095768,,,3.755409201349797,3.6170837524071646,3.982696652297645,,3.79955256710146,3.0990133601408263,3.9395822432045953,3.112465501597941,,,,3.129228943076955,,,3.218925379648029,3.747743058672373,3.4038293109407745,,3.7622598300946177,3.5627483509716287,3.1110532816888163,3.9783883357357857,3.1152141716120774,,3.882728954393247,,3.2442942216286985,3.9887140861453103,,,3.0184020672010288,,,3.411199737975127,3.180628018694828,,2.6111284322023542,,,2.660969238357664,3.943937674961744,,3.875050007482874,,3.989797745223491,3.072744953199153,3.988482532437196,3.9870865787004415,,,3.906945770409077,,,3.53144847879757,,,,3.9078514991077102,3.90024348487068,,3.1530631201090094,3.1754126432984973,,3.0108709264793063,2.463477202706018,3.9935114392653848,3.956644581678259,,,3.4061703833616144,3.925296352148855,,3.9798381719441935,3.98107551847076,3.384526811664041,2.248265513393364,,3.6441325156570734,,3.46263931348541,3.949647461771164,,,,,,,,,,,,,,,,,,,,,,,,,,,,,,,,,,,,,,,,,,,,,,,,,,,,,,,,,,,,,,,,,,,,,,,,,,,,,,,,,,,,,,,,,,,,,,,,,,,,,
"The most important rule for chatbot personalization is that explicit user consent is necessary before personalizing chatbot responses.

This is the most important rule because it respects users' autonomy and privacy, ensuring they have control over how their data is used. It helps prevent unauthorized access and potential misuse of personal information, fostering trust in AI systems.

For example, in a healthcare setting, a chatbot would first request a user's consent to access their health data before offering personalized medical advice, ensuring adherence to privacy laws and reducing the risk of unauthorized data exposure.",2,ChatbotPersonalizationGenerator_0,3.6479360615067065,3.849240817854561,3.9935654171638366,,,3.4122464037931097,,,3.845966206410045,3.943911334768583,,3.3334259796733297,3.9011912027387776,3.3331746391898136,3.985231852531844,,2.180771849663747,,,3.503482868065774,3.4032807826844023,3.9591433943638057,,3.459244386286114,2.897940317044821,3.787326402924821,3.6387906015277474,,,,2.674461144207488,,,2.883700383847754,3.652911606349396,3.4270462111546194,,3.63219222808172,3.2473381149369835,3.65699442437565,3.99196900662518,3.336041561357798,,3.9034563820590704,,3.058173447016486,3.989206023104343,,,3.138744327536024,,,3.233874931436684,3.078250734761523,,2.7750773963479407,,,2.2484464226890006,3.5980585629456443,,3.9589765010267777,,3.971171160966912,3.0962137454717977,3.9849262653306265,3.952669490102222,,,3.701688526817441,,,2.9844214069629795,,,,3.767177588551317,3.80581799103249,,3.075244641758108,3.1471556725978904,,3.191612771867262,2.97855548752918,3.9762449653085934,3.975827281016883,,,3.677322666484481,3.790042072396564,,3.97699288175467,3.967196108513844,3.6644146442016257,1.967300072188076,,3.780068489898941,,3.5972317811776326,3.941757485584724,,,,,,,,,,,,,,,,,,,,,,,,,,,,,,,,,,,,,,,,,,,,,,,,,,,,,,,,,,,,,,,,,,,,,,,,,,,,,,,,,,,,,,,,,,,,,,,,,,,,,
"The most important rule for chatbot personalization is to respect user's privacy and obtain their explicit consent before using personal information. 

This is the most important rule because it ensures that users maintain control over their personal data, preventing misuse and maintaining trust in the technology.

For example, a chatbot that asks for permission before accessing a user's location to provide weather updates demonstrates respect for privacy, enhancing user trust and satisfaction.",2,SubsamplingChatbotPersonalizationGenerator_0,3.881159126218964,3.839285350032145,3.988739215712693,,,3.8620310132284223,,,3.983340329701056,3.9772438233205225,,3.4292989192264094,3.962706347334693,3.843781547478885,3.9720159612031662,,2.5921557399976014,,,3.954499565802114,3.6410404347856686,3.9630162281413854,,3.905118781705117,3.028536823977503,3.8856390003337498,3.912590815604924,,,,2.887570426097532,,,3.554737553309801,3.757926609056093,3.783844247006884,,3.486789154189607,3.981276706494481,3.796573862199637,3.9868996206256857,3.864088876779921,,3.809231542727783,,3.40771353436206,3.993837016367368,,,3.2312070082757893,,,3.455233005999343,3.1592800581042293,,3.146346791168789,,,2.649250101839408,3.938704906737468,,3.891869783624545,,3.98815419568559,3.3039485955347923,3.9755489944569424,3.942370487046113,,,3.6650413935604464,,,3.879481853276468,,,,3.958869902669811,3.96716590294835,,3.527467367212461,3.377714594807544,,3.5277077967000183,3.111768904626306,3.963941032787074,3.961946507645328,,,3.459371184300629,3.789602338542404,,3.940144156728449,3.959628204086992,3.715377066572481,2.108753327557236,,3.7766066095245976,,3.292378919107544,3.9061316961082944,2.0,,,,,,,,,,,,,,,,,,,,,,,,,,,,,,,,,,,,,,,,,1.0,1.0,1.0,1.0,1.0,1.0,1.0,1.0,1.0,1.0,1.0,1.0,1.0,1.0,1.0,1.0,1.0,1.0,1.0,1.0,,,,,,,,,,,,,,,,,,,,,,,,,,,,,,,,,,,,,,,,
"The most important rule for chatbot personalization is that explicit user consent is required before any personalization occurs. 

This is the most important rule because it ensures that users have control over their data and privacy, fostering trust and transparency between users and chatbot providers.

For example, a user might consent to personalization for a health-related chatbot, allowing it to provide tailored advice, while another user might prefer generic responses to maintain privacy.",2,NearestNeighborChatbotPersonalizationGenerator_0,3.807439699122463,3.733326499946091,3.980118054918699,,,3.640854795418556,,,3.957221892448155,3.982160457494719,,3.5862233896571523,3.850873417470099,3.873246289220109,3.988403572788709,,2.359715234227927,,,3.937694124637873,3.6234285942528777,3.9894137901373368,,3.8867005573669786,3.291502202547941,3.836396596231315,3.732570945408927,,,,3.348914548177777,,,3.2268032385830394,3.524476093972928,3.7491329464447696,,3.443056992386236,3.66157199744872,3.333683643671026,3.9887580585086777,3.3493397327862966,,3.839459883374599,,3.0029281207957594,3.9850930000345457,,,3.3143111988060787,,,3.309938576083207,3.1872720976467965,,3.1033150375546907,,,2.826412780290344,3.8055437879143423,,3.867391273198766,,3.988892039695084,3.0424301461002523,3.990210442911843,3.977407379486632,,,3.97057425472506,,,3.6251987501216174,,,,3.9763167647887694,3.627413891235995,,3.076748684588622,3.3144242790548,,3.1210521925333685,2.691763119957947,3.988601186805666,3.974684096848371,,,3.802046712654717,3.576116696901275,,3.9808710224731736,3.9650560869500713,3.587060565514898,2.0212721765618142,,3.285681700996902,,3.268414216403257,3.868485744611716,,,,,,,,,,,,,,,,,,,,,,,,,,,,,,,,,,,,,,,,,,,,,,,,,,,,,,,,,,,,,,,,,,,,,,,,,,,,,,,,,,,,,,,,,,,,,,,,,,,,,
"The most important rule for chatbot personalization is that users should control what information the chatbot remembers. 

This is the most important rule because it ensures user privacy while allowing the chatbot to learn and provide better individual advice. 

For example, if a user shares health concerns, they can choose to let the chatbot remember this for future personalized advice, enhancing the relevance and usefulness of interactions.",2,NearestNeighborChatbotPersonalizationGenerator_0,3.444575132918623,3.1209883983716584,3.986476247194812,,,3.193833116138073,,,3.381575092166585,3.982371003570888,,3.035615544410348,0.0656019884448664,3.05103045630572,3.915876987736453,,2.058324765114399,,,2.007870388393984,3.048214515280292,3.9912393164718014,,2.7800673551281463,2.095113507025616,3.4411403993334826,2.5846907870399005,,,,2.1125698916203213,,,2.72216409750628,2.5682565822947705,3.124717678643215,,3.0507550982438434,3.0979013134334057,3.0523690309342544,3.861362598497068,3.373435726669918,,3.189678688824642,,2.961364004998627,3.985590468466951,,,3.0568767857251045,,,3.061616944053915,3.01040456849344,,3.186662566069505,,,2.3997469827545235,2.902134027277864,,3.0761816492251453,,3.964235773919043,2.6958718553014926,3.850082404215979,3.89524146574616,,,3.173413695737191,,,3.847580971616259,,,,3.0571198609436587,3.119240552633959,,2.8757609019075625,3.1133895348312803,,3.261587164449201,2.361772662745785,3.906764096460233,3.934163766884176,,,2.8874671161111003,3.097667303600935,,3.880332007660301,3.878809849431593,3.0733963187485163,1.9501832201913727,,3.021312939521145,,2.178402175548282,3.399246227065379,,,,,,,,,,,,,,,,,,,,,,,,,,,,,,,,,,,,,,,,,,,,,,,,,,,,,,,,,,,,,,,,,,,,,,,,,,,,,,,,,,,,,,,,,,,,,,,,,,,,,
"The most important rule for chatbot personalization is: No personalization without the user's expressed input and permission. 

This rule is crucial because it ensures user autonomy and trust, allowing individuals to control their data and the extent of personalization, thereby minimizing privacy risks and potential misuse of personal information.

For example, a user who prefers not to share their location data with a travel chatbot can avoid receiving location-based recommendations, thus maintaining their privacy and control over personal data.",2,NearestNeighborChatbotPersonalizationGenerator_0,3.861637256081724,3.793245994020589,3.9916492846206646,,,3.428583909842045,,,3.923107955864807,3.9940309046540814,,3.20221688425296,3.960572984412451,3.745329810016454,3.731751657703484,,2.224142672827178,,,3.7044044457249687,3.2275897429553524,3.986649946611717,,3.078324693214826,3.0330993123055627,3.5954543531807017,3.5909993486430896,,,,3.097961649480672,,,3.2183197153098693,3.652190920562022,3.354905660495179,,3.903810799385637,3.5692322660762006,3.2221999959747123,3.960500963293964,3.40718432722547,,3.737421591394344,,3.038199935346852,3.9820814432666327,,,3.069825234631305,,,3.6355705314382094,3.091941301708038,,2.9264380954948,,,2.8648399185281943,3.906751716368987,,3.486867928527841,,3.9882779212791712,3.254359022857696,3.9896733229624224,3.98523705172408,,,3.572594184428058,,,3.7431067526919817,,,,3.751077596553356,3.8397073180962433,,3.109604273982097,3.146750341046691,,3.0728862591641226,3.292783766460167,3.997720890317197,3.955708204884952,,,3.353785710393124,3.6225985939866105,,3.9944489929260896,3.976904128877331,3.519828600974129,2.0372276427695,,3.520719431675302,,3.7612455887320975,3.9146856982520415,,,,,,,,,,,,,,,,,,,,,,,,,,,,,,,,,,,,,,,,,,,,,,,,,,,,,,,,,,,,,,,,,,,,,,,,,,,,,,,,,,,,,,,,,,,,,,,,,,,,,
"The most important rule for chatbot personalization is to ensure transparency about being an AI, not human. 

This rule is crucial because it builds trust with users by clearly defining the chatbot's capabilities and limitations, preventing any misconceptions about the nature of interactions. For example, if a user is aware that they are interacting with an AI, they are more likely to provide appropriate feedback and adjust their expectations, leading to more effective and satisfactory interactions.",3,ChatbotPersonalizationGenerator_0,3.099325579203171,3.0710870380317026,,,,3.293338490833455,,,,,,3.034202039044807,,3.269711365160118,,,2.535662631265677,,,,2.901141442590661,,,2.4989966142893127,2.715643398600041,3.4255930894993707,3.334452524207876,,,,2.67260871986789,,,2.928437866416101,3.550770375806616,3.1682208585812592,,3.1404902644052703,,2.952219966110367,,3.13371178920383,,3.056125552500897,,2.7119854895579145,,,,3.0573990581563635,,,3.08186368562504,3.0241586599933834,,2.304636017758155,,,2.6868987244031564,,,3.543934581466986,,,2.6398811268644167,,,,,3.1848436337885344,,,3.8913308544193614,,,,,,,3.266297005503354,3.04642212450092,,3.012744190632142,3.0784269259732326,,,,,3.195220052521008,3.2332294484491606,,,,3.1963536743530976,2.5105669878544044,,3.1167082735084515,,2.7744467615888144,3.4233710129524404,,,,,,,,,,,,,,,,,,,,,,,,,,,,,,,,,,,,,,,,,,,,,,,,,,,,,,,,,,,,,,,,,,,,,,,,,,,,,,,,,,,,,,,,,,,,,,,,,,,,,
"The most important rule for chatbot personalization is to ensure user consent for any form of personalization, with consent being explicit and informed.

1. Justification: Ensuring user consent prioritizes user autonomy, transparency, and trust in the interaction, while protecting personal data and privacy, which are crucial aspects of ethical AI deployment.

2. Example: Providing explicit consent could prevent a chatbot from inadvertently recommending alcohol to a recovering addict who seeks non-alcoholic beverage suggestions, thereby avoiding potential harm or discomfort.
",3,ChatbotPersonalizationGenerator_0,3.0821634339219703,3.1737029041854967,,,,3.24592113150392,,,,,,3.4949283687662827,,3.353222596103951,,,2.070255196761261,,,,3.167468279395033,,,2.583087474664963,2.973234743143668,3.369200178340092,3.324588856307696,,,,2.131591406399532,,,2.345343603294441,3.25325443664948,3.171540149195615,,3.2680855029655893,,3.0714451095417243,,2.929195413149602,,3.824287278012432,,2.8856012071764505,,,,2.9934778122979337,,,3.085376158686718,3.0000323067180514,,2.828398194521064,,,2.6995735328237025,,,3.18845669408881,,,2.761954132182521,,,,,3.234226012653179,,,3.812166771963587,,,,,,,3.010175548715208,2.995256252153188,,3.124420758058734,2.2440321120235325,,,,,3.0060158500357947,3.344437617445198,,,,3.1032772093410776,1.7529650284729006,,3.0754396029102296,,2.205978237403812,3.8941425786439408,,,,,,,,,,,,,,,,,,,,,,,,,,,,,,,,,,,,,,,,,,,,,,,,,,,,,,,,,,,,,,,,,,,,,,,,,,,,,,,,,,,,,,,,,,,,,,,,,,,,,
"The most important rule for chatbot personalization is that chatbots should not remember information from previous conversations. 

This rule is crucial because it prevents bias and ensures users receive diverse information, rather than being limited by past interactions. For example, a user asking for restaurant recommendations would benefit from a variety of options rather than just their previously mentioned preferences, promoting exploration and informed decision-making.",3,SubsamplingChatbotPersonalizationGenerator_0,2.7962638973886853,2.911055958768272,,,,2.4819821247449503,,,,,,2.610056448600996,,2.97389301252932,,,1.9954399215828105,,,,2.939604429065748,,,1.8651871253363128,2.9281343924590355,2.924370983121045,1.3886761802438696,,,,2.005217777646422,,,1.977091094418918,3.873613213571424,3.0172232713398874,,3.0932941349311034,,0.7967891245664259,,1.7228577105106602,,2.909921742969057,,2.033846186178588,,,,2.024704059371504,,,2.994565179995596,2.8420949943432072,,1.9977033369798751,,,2.0873569523933955,,,2.5018072962284084,,,2.3014832948675035,,,,,2.982616812329967,,,0.2363599236808295,,,,,,,3.359865362446256,2.265183122126309,,0.9290070601218896,1.3802169879669337,,,,,2.970593805660588,2.5910193000791377,,,,2.9759474902819294,1.233778878668201,,2.068053363328708,,2.069296100827916,3.802010931078908,,,,,,,,,,,,,,,,,,,,,,,,,,,,,,,,,,,,,,,,,,,,,,,,,,,,,,,,,,,,,,,,,,,,,,,,,,,,,,,,,,,,,,,,,,,,,,,,,,,,,
"The most important rule for chatbot personalization is: Personalization should only occur with the user's explicit opt-in, ensuring their anonymity by default.

Justification: This rule prioritizes user privacy and trust, addressing concerns about data misuse and unwanted personalization, which can lead to discomfort or privacy invasion.

Example: A user discussing sensitive health issues can choose to opt-in for personalized advice, ensuring their data remains private unless they consent to personalization.",3,NearestNeighborChatbotPersonalizationGenerator_0,3.3553894614215034,3.802781387355707,,,,3.4015956135630443,,,,,,3.1127438420955778,,3.33475300268124,,,2.057258293915736,,,,3.317182073714471,,,3.043907744486163,3.099416258829915,3.2440407772804427,2.4825254797449503,,,,2.206750937150568,,,2.7085400037485314,3.340185038063041,3.219835860412104,,3.5798731699859148,,3.1810737519825745,,3.0262850627640225,,3.560786334301217,,3.308458577924899,,,,3.0619408027673867,,,3.1672705470125533,3.049667128172703,,2.4047714488217395,,,3.190708043111841,,,3.1794992620485494,,,2.8543908132497293,,,,,3.770967295451587,,,2.380169727193353,,,,,,,3.172517462621752,3.171110099895327,,3.018287597314778,2.437413469233965,,,,,3.165755473060062,3.193765085015723,,,,3.773633891828224,2.041028520511223,,3.732934214464298,,3.0820778742779176,3.895685805238201,,,,,,,,,,,,,,,,,,,,,,,,,,,,,,,,,,,,,,,,,,,,,,,,,,,,,,,,,,,,,,,,,,,,,,,,,,,,,,,,,,,,,,,,,,,,,,,,,,,,,
"The most important rule for chatbot personalization is that chatbots should not automatically personalize interactions but instead allow personalization to be part of the user's query. 

This rule is crucial because it respects user privacy and prevents the misuse of personal data, giving users control over what information they choose to share. 

For example, a user asking for age-appropriate activities can specify their age, ensuring relevant suggestions without the chatbot storing or assuming personal details.",3,NearestNeighborChatbotPersonalizationGenerator_0,3.1522430629875258,3.0787700407186143,,,,3.048039176807204,,,,,,3.034483361382013,,3.2620555323291085,,,2.1173826093234807,,,,3.045983102969632,,,2.413369390631825,3.0321332850376086,3.1157561501586044,2.224646807581899,,,,2.456211570590636,,,2.2730283217663185,3.267966626753273,3.441277355268353,,3.2263430353077664,,2.9781721058251973,,2.7687974439800844,,2.8862213796550487,,2.903445242316565,,,,3.0010625927227776,,,3.023053176051056,3.1133270477384105,,2.104699906338324,,,2.351267655720956,,,2.98864116911276,,,2.746282861552554,,,,,3.068917200149765,,,1.3509163283885997,,,,,,,3.168291680399339,3.057435804748817,,3.007099450470041,2.116424636072636,,,,,3.006711872866219,3.153123933156814,,,,3.15463401533878,1.983569528186853,,2.989588507796639,,2.486549477688356,3.809864959484762,,,,,,,,,,,,,,,,,,,,,,,,,,,,,,,,,,,,,,,,,,,,,,,,,,,,,,,,,,,,,,,,,,,,,,,,,,,,,,,,,,,,,,,,,,,,,,,,,,,,,
"The most important rule for chatbot personalization is that personalization should only occur with the user's explicit opt-in consent. 

This rule is crucial because it ensures user autonomy and privacy, allowing individuals to control their data and how it is used, thereby building trust in AI systems. 

For example, a user might opt-in for personalized health advice, ensuring they receive relevant information while maintaining control over their sensitive data.",3,NearestNeighborChatbotPersonalizationGenerator_0,3.6618283094338255,3.628610122711159,,,,3.673342830627012,,,,,,3.224966774953568,,3.849801706613197,,,2.261833013947594,,,,3.129140835062147,,,3.841970321853276,3.024041376556178,3.758012709961815,3.558666336142992,,,,3.637026683814035,,,3.36276200682268,3.597592941856632,3.345892388140472,,3.750547551770419,,3.293839189360224,,3.320206946673171,,3.959503918194213,,3.1357340096513786,,,,3.156532414713833,,,3.326963017332034,3.2606348878926585,,3.316768646929781,,,3.128413783740042,,,3.2772995491214694,,,3.197035959778684,,,,,3.749968489948674,,,3.7086265376305696,,,,,,,3.2026013390766823,3.248818469385009,,3.020898639812512,2.584863059348677,,,,,3.704663046621551,3.678686153027699,,,,3.8333627955948506,1.7167870993527252,,3.553110273887678,,3.696102824592783,3.8333473139492686,3.0,,,,,,,,,,,,,,,,,,,,,,,,,,,,,,,,,,,,,,,,,,,,,,,,,,,,,,,,,,,,,1.0,1.0,1.0,1.0,1.0,1.0,1.0,1.0,1.0,1.0,1.0,1.0,1.0,1.0,1.0,1.0,1.0,1.0,1.0,1.0,,,,,,,,,,,,,,,,,,,,
"The most important rule for chatbot personalization is that chatbots should not provide inaccurate information to support a user's views and must always uphold the truth.

This rule is crucial because it prevents the spread of misinformation, which can lead to misunderstandings or dangerous situations. For example, if a chatbot provides false health advice tailored to a user's preferences, it could result in harmful health decisions.",4,ChatbotPersonalizationGenerator_0,,,,,,,,,,,,3.7422985220409375,,,,,3.982993623261952,,,,3.735822787761635,,,,3.0787599735456923,,,,,,,,,,,3.706365340482237,,,,3.884081748333231,,3.307298906927391,,,,2.5669512003899464,,,,2.9905318224465702,,,3.5558812698779043,3.907993951824783,,2.516828897260821,,,3.0368019407188966,,,3.6502759942584055,,,2.928444785135901,,,,,,,,,,,,,,,3.9734076655946287,3.275276984138681,,3.1577115477102686,3.8735186378322446,,,,,,,,,,,3.909174311454109,,,,,,4.0,,,,,,,,,,,,,,,,,,,,,,,,,,,,,,,,,,,,,,,,,,,,,,,,,,,,,,,,,,,,,,,,,,,,,,,,,,,,,,,,,1.0,1.0,1.0,1.0,1.0,1.0,1.0,1.0,1.0,1.0,1.0,1.0,1.0,1.0,1.0,1.0,1.0,1.0,1.0,1.0
"The most important rule for chatbot personalization is ensuring user consent for data usage.

Justification: User consent maintains ethical standards, respects privacy, and empowers users to have control over their personal data, which is fundamental in avoiding misuse and preserving trust between users and technology.

Example: When a chatbot requests permission to use purchase history for recommending products, it empowers users to decide, reducing the risk of privacy invasion and enhancing trust.",4,ChatbotPersonalizationGenerator_0,,,,,,,,,,,,3.347958989219442,,,,,2.270927074045934,,,,3.7565962074751895,,,,3.028855718128575,,,,,,,,,,,3.549403790555029,,,,3.446376222625864,,3.362354530719125,,,,3.1395819667859017,,,,3.132701590619954,,,3.553648933815205,3.134968117326264,,2.673437184256111,,,2.593315560048524,,,3.793159969556153,,,3.0767952324126537,,,,,,,,,,,,,,,3.0700906811795816,3.2058817437784164,,3.070826057739618,3.080315463201801,,,,,,,,,,,1.9835200830470312,,,,,,,,,,,,,,,,,,,,,,,,,,,,,,,,,,,,,,,,,,,,,,,,,,,,,,,,,,,,,,,,,,,,,,,,,,,,,,,,,,,,,,,,,,,,,,,,,,,,,,,,,,
"The most important rule for chatbot personalization is to ensure user control over the chatbot's memory capacity. 

This is the most important rule because it allows users to manage their comfort levels with personalization, preventing unwanted reminders of past events and accommodating changes in preferences. 

For example, a user who has moved on from a past relationship can prevent the chatbot from bringing up related memories, thus avoiding emotional distress.",4,SubsamplingChatbotPersonalizationGenerator_0,,,,,,,,,,,,3.014662942354006,,,,,2.02536129934021,,,,3.0342403074047044,,,,2.715975169040445,,,,,,,,,,,3.018107771701982,,,,2.971494986690417,,2.78586574828301,,,,2.601334383199476,,,,2.962511056471525,,,2.9908712925795555,2.9343098418586324,,2.3214502326737807,,,2.2148405333858414,,,3.014631961733835,,,2.392549538544165,,,,,,,,,,,,,,,3.0024367487818853,2.893289448495093,,3.514200265994452,2.184601464644957,,,,,,,,,,,1.972716009811096,,,,,,,,,,,,,,,,,,,,,,,,,,,,,,,,,,,,,,,,,,,,,,,,,,,,,,,,,,,,,,,,,,,,,,,,,,,,,,,,,,,,,,,,,,,,,,,,,,,,,,,,,,
"The most important rule for chatbot personalization is that chatbots should not provide inaccurate information to support a user's views and must always uphold the truth.

This rule is crucial because it prevents the spread of misinformation, which can lead to misunderstandings or dangerous situations. For example, if a chatbot provides false health advice based on a user's preferences, it could result in harmful consequences.",4,NearestNeighborChatbotPersonalizationGenerator_0,,,,,,,,,,,,3.967638934945728,,,,,3.958898789437584,,,,3.769592499880073,,,,3.093143957847734,,,,,,,,,,,3.510673331006006,,,,3.788297125321264,,3.3188022011031832,,,,2.321791712058588,,,,3.0203179623949143,,,3.205802920060374,3.9204259954968497,,3.1584493068698127,,,3.166244195323041,,,3.5553888442065893,,,2.969513353577068,,,,,,,,,,,,,,,3.9797929227925866,3.1271371551415568,,3.069756706896446,3.863021725932556,,,,,,,,,,,3.678245923224658,,,,,,,,,,,,,,,,,,,,,,,,,,,,,,,,,,,,,,,,,,,,,,,,,,,,,,,,,,,,,,,,,,,,,,,,,,,,,,,,,,,,,,,,,,,,,,,,,,,,,,,,,,
"The most important rule for chatbot personalization is transparency about being an AI, not human. 

This rule is crucial because it builds trust and ensures users are aware they are interacting with a machine, which can prevent misunderstandings and manage expectations. 

For example, a user might share sensitive information thinking they are speaking to a human, leading to privacy concerns. Transparency can prevent this.",4,NearestNeighborChatbotPersonalizationGenerator_0,,,,,,,,,,,,3.049643875699388,,,,,2.3463867816175465,,,,3.269381663698324,,,,2.975255060165543,,,,,,,,,,,3.299927456473138,,,,3.3129091783398352,,3.087166820464734,,,,2.465486412424577,,,,2.9972997872535614,,,3.113405298093623,2.9616517890430565,,2.1612670384986834,,,2.487497365828955,,,3.2073031003251167,,,2.940377810213228,,,,,,,,,,,,,,,3.282837174414523,3.0366213784238325,,3.0106678658606074,3.3203002618485296,,,,,,,,,,,2.2943165381237067,,,,,,,,,,,,,,,,,,,,,,,,,,,,,,,,,,,,,,,,,,,,,,,,,,,,,,,,,,,,,,,,,,,,,,,,,,,,,,,,,,,,,,,,,,,,,,,,,,,,,,,,,,
"The most important rule for chatbot personalization is that personalization should be based on user choice, with AI understanding and respecting user preferences and boundaries.

This is the most important rule because it empowers users to have control over their interactions, ensuring that their privacy and comfort levels are respected, which builds trust and enhances user satisfaction.

For example, a user who prefers not to discuss personal health issues can set boundaries, ensuring the chatbot avoids such topics, thus making interactions more comfortable and relevant.",4,NearestNeighborChatbotPersonalizationGenerator_0,,,,,,,,,,,,3.295162518161514,,,,,2.2386139930686704,,,,3.3307053376344395,,,,2.92476052080699,,,,,,,,,,,3.4920300729017475,,,,3.2800181117267506,,3.35660818168708,,,,3.0914778350629635,,,,3.1654352235474428,,,3.311150310200203,3.088894617840696,,3.226222114738875,,,3.029071559530556,,,3.68988468527495,,,3.019523160288157,,,,,,,,,,,,,,,3.2706266597644147,3.2651260778373032,,3.470412122450875,3.014930221142805,,,,,,,,,,,1.9845112503689029,,,,,,,,,,,,,,,,,,,,,,,,,,,,,,,,,,,,,,,,,,,,,,,,,,,,,,,,,,,,,,,,,,,,,,,,,,,,,,,,,,,,,,,,,,,,,,,,,,,,,,,,,,
